,Trial,action,deadline,inputs,light,reward,state,t,violation,waypoint
left,1,left,25.0,left,red,-40.0664300317,left red left None,0.0,4.0,left
left,1,,24.0,,red,1.91931917621,left red None None,1.0,0.0,left
left,1,,23.0,,red,1.59616070815,left red None None,2.0,0.0,left
left,1,,22.0,,green,-5.0425013467,left green None None,3.0,1.0,left
left,1,left,21.0,left,green,2.7885753838,left green left None,4.0,0.0,left
left,1,right,20.0,right,green,0.603743598597,left green right right,5.0,0.0,left
left,1,,19.0,,green,-4.72919970865,right green None None,6.0,1.0,right
left,1,forward,18.0,,red,-39.9212132078,right red None forward,7.0,4.0,right
left,1,left,17.0,right,red,-10.7737372222,right red right None,8.0,2.0,right
left,1,left,16.0,,red,-9.79509186115,right red None None,9.0,2.0,right
left,1,,15.0,,green,-4.68043933029,right green None left,10.0,1.0,right
left,1,left,14.0,,green,1.43114546455,right green None left,11.0,0.0,right
left,1,forward,13.0,forward,green,1.25513918983,left green forward None,12.0,0.0,left
left,1,left,12.0,,green,-19.3135273467,left green None None,13.0,3.0,left
left,1,forward,11.0,,green,1.64699905616,left green None forward,14.0,0.0,left
left,1,forward,10.0,forward,red,-40.5487750544,left red forward None,15.0,4.0,left
left,1,,9.0,,red,1.49066615305,left red None None,16.0,0.0,left
left,1,right,8.0,,green,0.0884985551072,left green None forward,17.0,0.0,left
left,1,forward,7.0,forward,green,0.747985127982,right green forward None,18.0,0.0,right
left,1,forward,6.0,forward,red,-40.330929035,forward red forward None,19.0,4.0,forward
left,1,,5.0,forward,red,1.677564883,forward red forward None,20.0,0.0,forward
left,1,forward,4.0,,green,0.721550377007,forward green None None,21.0,0.0,forward
left,1,forward,3.0,left,red,-10.7459003651,forward red left left,22.0,2.0,forward
left,1,forward,2.0,,red,-9.43632968623,forward red None None,23.0,2.0,forward
left,1,,1.0,,red,0.999854224545,forward red None None,24.0,0.0,forward
left,2,right,20.0,left,green,0.638738258275,left green left left,0.0,0.0,left
left,2,left,19.0,,red,-10.6367220564,right red None None,1.0,2.0,right
left,2,left,18.0,forward,red,-39.790867567,right red forward right,2.0,4.0,right
left,2,right,17.0,,green,2.12599746556,right green None None,3.0,0.0,right
left,2,,16.0,,red,1.79037777691,right red None None,4.0,0.0,right
left,2,left,15.0,,green,0.669992070456,right green None forward,5.0,0.0,right
left,2,forward,14.0,left,green,1.23973534019,forward green left forward,6.0,0.0,forward
left,2,,13.0,right,green,-5.30151393169,forward green right right,7.0,1.0,forward
left,2,forward,12.0,right,green,2.60414574473,forward green right None,8.0,0.0,forward
left,2,forward,11.0,right,green,0.843480977886,forward green right left,9.0,0.0,forward
left,3,forward,35.0,left,red,-9.77995464684,forward red left right,0.0,2.0,forward
left,3,right,34.0,right,red,0.44577087547,forward red right left,1.0,0.0,forward
left,3,forward,33.0,forward,green,1.19657572447,left green forward forward,2.0,0.0,left
left,3,forward,32.0,,red,-10.9219467367,left red None None,3.0,2.0,left
left,3,left,31.0,right,green,-20.8723763929,left green right None,4.0,3.0,left
left,3,right,30.0,forward,green,0.0123236262309,left green forward left,5.0,0.0,left
left,3,left,29.0,,red,-39.1952331922,forward red None forward,6.0,4.0,forward
left,3,,28.0,forward,green,-4.28140946748,forward green forward None,7.0,1.0,forward
left,3,forward,27.0,forward,green,1.3881296577,forward green forward left,8.0,0.0,forward
left,3,right,26.0,forward,green,0.176284920853,forward green forward forward,9.0,0.0,forward
left,3,left,25.0,right,red,-10.1811130878,left red right None,10.0,2.0,left
left,3,left,24.0,,green,2.32844519274,left green None None,11.0,0.0,left
left,3,forward,23.0,left,green,1.5545595858,forward green left left,12.0,0.0,forward
left,3,left,22.0,forward,green,2.21889685982,left green forward left,13.0,0.0,left
left,3,right,21.0,,green,0.0231257157727,forward green None None,14.0,0.0,forward
left,3,right,20.0,forward,red,-19.1203195861,left red forward None,15.0,3.0,left
left,3,left,19.0,forward,green,-20.5553649944,left green forward None,16.0,3.0,left
left,3,right,18.0,forward,green,0.565550622172,left green forward None,17.0,0.0,left
left,3,,17.0,,red,1.42649440987,right red None None,18.0,0.0,right
left,3,forward,16.0,,green,1.34233648359,right green None None,19.0,0.0,right
left,3,right,15.0,left,red,1.63984019631,right red left right,20.0,0.0,right
left,3,right,14.0,,green,0.327873369718,left green None None,21.0,0.0,left
left,3,forward,13.0,,red,-9.44068209274,forward red None None,22.0,2.0,forward
left,3,forward,12.0,,red,-10.4626092076,forward red None left,23.0,2.0,forward
left,3,forward,11.0,,red,-10.7344219198,forward red None None,24.0,2.0,forward
left,3,,10.0,,red,1.67252514152,forward red None None,25.0,0.0,forward
left,3,forward,9.0,forward,green,1.1671228383,forward green forward right,26.0,0.0,forward
left,3,left,8.0,left,red,-39.8769013707,forward red left None,27.0,4.0,forward
left,3,,7.0,,red,2.16932876128,forward red None None,28.0,0.0,forward
left,3,right,6.0,,green,1.14810513588,forward green None None,29.0,0.0,forward
left,3,,5.0,left,green,-5.50874107166,left green left left,30.0,1.0,left
left,3,right,4.0,right,red,0.0649170133489,left red right left,31.0,0.0,left
left,3,left,3.0,,green,-0.453985178993,right green None left,32.0,0.0,right
left,3,left,2.0,right,green,1.16414145424,left green right left,33.0,0.0,left
left,3,forward,1.0,,green,-0.0158795519328,left green None None,34.0,0.0,left
left,4,,25.0,,green,-4.11602828415,right green None None,0.0,1.0,right
left,4,right,24.0,,green,2.03050125151,right green None None,1.0,0.0,right
left,4,right,23.0,,green,1.83450371966,forward green None left,2.0,0.0,forward
left,4,forward,22.0,,green,0.218956439789,left green None left,3.0,0.0,left
left,4,forward,21.0,right,green,0.0260460833608,left green right None,4.0,0.0,left
left,4,forward,20.0,left,red,-9.02037717843,left red left left,5.0,2.0,left
left,4,left,19.0,,red,-9.81605255699,left red None None,6.0,2.0,left
left,4,forward,18.0,,green,1.10482836108,left green None right,7.0,0.0,left
left,4,right,17.0,,red,-0.115797268632,left red None forward,8.0,0.0,left
left,4,forward,16.0,left,red,-9.20993029633,right red left None,9.0,2.0,right
left,4,left,15.0,,red,-9.13548211102,right red None None,10.0,2.0,right
left,4,,14.0,,red,1.33027201133,right red None None,11.0,0.0,right
left,4,,13.0,,red,1.68180901418,right red None right,12.0,0.0,right
left,4,left,12.0,right,green,-20.2180422258,right green right left,13.0,3.0,right
left,4,right,11.0,right,green,2.38854062616,right green right left,14.0,0.0,right
left,4,forward,10.0,right,green,0.616694212834,right green right None,15.0,0.0,right
left,4,,9.0,,green,-4.82456582052,right green None None,16.0,1.0,right
left,4,right,8.0,,red,2.48284092835,right red None None,17.0,0.0,right
left,4,,7.0,,red,0.753002262599,forward red None None,18.0,0.0,forward
left,4,,6.0,,green,-4.79064168534,forward green None right,19.0,1.0,forward
left,4,,5.0,,green,-4.04095308347,forward green None left,20.0,1.0,forward
left,4,right,4.0,,green,-0.651260270084,forward green None left,21.0,0.0,forward
left,4,right,3.0,right,red,0.963587071677,left red right None,22.0,0.0,left
left,4,left,2.0,,red,-10.8197909288,right red None None,23.0,2.0,right
left,4,forward,1.0,,red,-40.3006381662,right red None forward,24.0,4.0,right
left,5,right,25.0,left,red,1.6535842136,right red left None,0.0,0.0,right
left,5,,24.0,,red,2.68211463351,forward red None left,1.0,0.0,forward
left,5,,23.0,,red,2.58893022141,forward red None None,2.0,0.0,forward
left,5,left,22.0,,red,-9.82991262652,forward red None None,3.0,2.0,forward
left,5,,21.0,,red,2.76451670613,forward red None None,4.0,0.0,forward
left,5,right,20.0,,red,0.182299776929,forward red None None,5.0,0.0,forward
left,5,,19.0,,red,2.10408239084,left red None None,6.0,0.0,left
left,5,right,18.0,,red,1.77006272886,left red None None,7.0,0.0,left
left,5,left,17.0,left,red,-10.6068940464,left red left None,8.0,2.0,left
left,5,right,16.0,,red,0.387372531021,left red None None,9.0,0.0,left
left,5,,15.0,,green,-5.39052822561,right green None None,10.0,1.0,right
left,5,forward,14.0,,red,-10.5486687559,right red None right,11.0,2.0,right
left,5,right,13.0,,red,2.20365505644,right red None right,12.0,0.0,right
left,5,forward,12.0,,red,-9.04342185844,forward red None None,13.0,2.0,forward
left,5,,11.0,,red,2.19099953735,forward red None None,14.0,0.0,forward
left,5,,10.0,left,red,2.10482111277,forward red left None,15.0,0.0,forward
left,5,right,9.0,,green,1.22873717457,forward green None None,16.0,0.0,forward
left,5,forward,8.0,,green,0.345213261508,left green None None,17.0,0.0,left
left,5,,7.0,,red,2.5137177691,left red None None,18.0,0.0,left
left,5,,6.0,,red,1.69686237714,left red None None,19.0,0.0,left
left,5,,5.0,right,red,2.1921016074,left red right None,20.0,0.0,left
left,5,left,4.0,,green,1.99330757842,left green None None,21.0,0.0,left
left,5,,3.0,forward,green,-5.25035818114,right green forward None,22.0,1.0,right
left,5,forward,2.0,forward,green,0.540169433742,right green forward None,23.0,0.0,right
left,5,forward,1.0,,green,-0.442237215733,right green None None,24.0,0.0,right
left,6,forward,30.0,,red,-40.7545119917,forward red None forward,0.0,4.0,forward
left,6,,29.0,,red,2.34994331227,forward red None None,1.0,0.0,forward
left,6,forward,28.0,,red,-10.5608745627,forward red None None,2.0,2.0,forward
left,6,left,27.0,,red,-10.6277598027,forward red None None,3.0,2.0,forward
left,6,,26.0,,red,1.96644588469,forward red None None,4.0,0.0,forward
left,6,right,25.0,left,red,1.90899655473,forward red left None,5.0,0.0,forward
left,6,forward,24.0,forward,red,-39.0022531768,left red forward left,6.0,4.0,left
left,6,forward,23.0,,red,-40.7578800125,left red None forward,7.0,4.0,left
left,6,forward,22.0,right,red,-9.10796270436,left red right right,8.0,2.0,left
left,6,,21.0,left,red,1.88076958542,left red left None,9.0,0.0,left
left,6,forward,20.0,left,red,-9.08317350239,left red left None,10.0,2.0,left
left,6,left,19.0,,green,1.96758600942,left green None None,11.0,0.0,left
left,6,forward,18.0,,red,-10.6240064026,forward red None right,12.0,2.0,forward
left,6,forward,17.0,,green,1.18181709628,forward green None right,13.0,0.0,forward
left,6,left,16.0,,green,1.66179510945,right green None forward,14.0,0.0,right
left,6,right,15.0,,green,0.878562976657,forward green None forward,15.0,0.0,forward
left,6,left,14.0,,green,-19.9579131645,left green None None,16.0,3.0,left
left,6,left,13.0,,green,1.70798873271,left green None forward,17.0,0.0,left
left,6,left,12.0,forward,green,1.09461079179,left green forward None,18.0,0.0,left
left,6,,11.0,left,green,-5.18142176618,right green left left,19.0,1.0,right
left,6,forward,10.0,left,green,0.227414375143,right green left left,20.0,0.0,right
left,6,right,9.0,,green,0.977449773902,right green None None,21.0,0.0,right
left,6,right,8.0,,green,2.05517445565,right green None None,22.0,0.0,right
left,7,forward,20.0,,green,2.25590473358,forward green None None,0.0,0.0,forward
left,7,left,19.0,left,green,0.634553837306,forward green left None,1.0,0.0,forward
left,7,right,18.0,,red,0.974422833704,right red None None,2.0,0.0,right
left,7,right,17.0,left,green,2.33392395148,right green left forward,3.0,0.0,right
left,7,right,16.0,,red,1.23298380003,forward red None None,4.0,0.0,forward
left,7,forward,15.0,,green,0.10261166003,left green None None,5.0,0.0,left
left,7,left,14.0,,green,-19.5457539987,left green None None,6.0,3.0,left
left,7,right,13.0,,red,1.69944958614,left red None right,7.0,0.0,left
left,7,,12.0,,red,0.319734743064,right red None None,8.0,0.0,right
left,7,,11.0,,red,1.46810858298,right red None None,9.0,0.0,right
left,7,,10.0,,red,1.57466232022,right red None forward,10.0,0.0,right
left,7,,9.0,left,green,-4.86239855064,right green left None,11.0,1.0,right
left,7,forward,8.0,left,green,-0.0621744041478,right green left None,12.0,0.0,right
left,7,left,7.0,forward,green,-20.9680026683,right green forward None,13.0,3.0,right
left,7,left,6.0,forward,green,0.0700841979574,right green forward None,14.0,0.0,right
left,7,,5.0,left,green,-5.69936843743,right green left right,15.0,1.0,right
left,7,right,4.0,left,red,2.35569692644,right red left right,16.0,0.0,right
left,7,right,3.0,right,green,2.22237729572,right green right left,17.0,0.0,right
left,7,left,2.0,forward,green,0.907486028498,forward green forward forward,18.0,0.0,forward
left,7,forward,1.0,left,green,1.0934310888,right green left forward,19.0,0.0,right
left,8,right,30.0,,green,0.936686993939,left green None left,0.0,0.0,left
left,8,forward,29.0,forward,green,1.15067511697,right green forward left,1.0,0.0,right
left,8,forward,28.0,forward,green,1.4984982751,right green forward left,2.0,0.0,right
left,8,forward,27.0,,red,-40.5695329685,right red None forward,3.0,4.0,right
left,8,left,26.0,,red,-10.8094355753,right red None None,4.0,2.0,right
left,8,forward,25.0,,green,1.62334333825,right green None forward,5.0,0.0,right
left,8,forward,24.0,right,red,-9.52601576217,right red right None,6.0,2.0,right
left,8,right,23.0,,green,2.45228329232,right green None None,7.0,0.0,right
left,8,,22.0,right,red,1.55627755315,forward red right left,8.0,0.0,forward
left,8,,21.0,,red,1.22770416702,forward red None None,9.0,0.0,forward
left,8,,20.0,,red,1.45905886742,forward red None None,10.0,0.0,forward
left,8,forward,19.0,,green,2.43603593897,forward green None None,11.0,0.0,forward
left,8,,18.0,forward,green,-5.70691066721,forward green forward None,12.0,1.0,forward
left,8,forward,17.0,forward,red,-40.6344244604,forward red forward forward,13.0,4.0,forward
left,8,right,16.0,left,red,0.720215248148,forward red left right,14.0,0.0,forward
left,8,right,15.0,right,red,0.562791833595,left red right left,15.0,0.0,left
left,8,,14.0,forward,green,-5.15326568709,right green forward forward,16.0,1.0,right
left,8,,13.0,forward,red,-0.138400481818,right red forward forward,17.0,0.0,right
left,8,forward,12.0,,red,-10.2738977916,right red None left,18.0,2.0,right
left,8,right,11.0,,green,1.09987416742,right green None None,19.0,0.0,right
left,8,right,10.0,,green,1.78747030365,right green None left,20.0,0.0,right
left,8,,9.0,,red,1.4066305271,forward red None right,21.0,0.0,forward
left,8,,8.0,,red,0.525987219218,forward red None None,22.0,0.0,forward
left,8,,7.0,,red,1.65533933074,forward red None None,23.0,0.0,forward
left,8,left,6.0,,red,-9.34298366863,forward red None None,24.0,2.0,forward
left,8,forward,5.0,,green,0.593361874944,forward green None None,25.0,0.0,forward
left,8,right,4.0,forward,green,0.683871993168,left green forward None,26.0,0.0,left
left,8,left,3.0,,red,-10.7430425079,right red None left,27.0,2.0,right
left,8,,2.0,,red,-0.157091632694,right red None None,28.0,0.0,right
left,8,right,1.0,,red,0.813055496231,right red None None,29.0,0.0,right
left,9,forward,25.0,,red,-9.81522277284,left red None left,0.0,2.0,left
left,9,right,24.0,,red,0.0800443450275,left red None right,1.0,0.0,left
left,9,right,23.0,forward,green,1.46007415918,right green forward left,2.0,0.0,right
left,9,forward,22.0,,red,-39.4366112269,forward red None forward,3.0,4.0,forward
left,9,,21.0,,red,1.75087096932,forward red None None,4.0,0.0,forward
left,9,forward,20.0,forward,green,2.31641973224,forward green forward None,5.0,0.0,forward
left,9,,19.0,,red,1.93942128124,forward red None None,6.0,0.0,forward
left,9,right,18.0,,green,0.110778139275,forward green None None,7.0,0.0,forward
left,9,right,17.0,,green,0.981209061483,left green None left,8.0,0.0,left
left,9,right,16.0,,green,1.04873179772,left green None None,9.0,0.0,left
left,9,left,15.0,,red,-10.9073162977,right red None left,10.0,2.0,right
left,9,right,14.0,,green,2.29757595899,right green None None,11.0,0.0,right
left,9,,13.0,right,green,-5.77523290358,forward green right None,12.0,1.0,forward
left,9,forward,12.0,right,red,-9.01937630935,forward red right None,13.0,2.0,forward
left,9,forward,11.0,,red,-9.37598208576,forward red None None,14.0,2.0,forward
left,9,left,10.0,,green,-0.0256890376006,forward green None None,15.0,0.0,forward
left,9,forward,9.0,forward,red,-39.1183351781,right red forward forward,16.0,4.0,right
left,9,forward,8.0,forward,red,-39.7242436324,right red forward None,17.0,4.0,right
left,9,right,7.0,,red,1.84888213815,right red None None,18.0,0.0,right
left,9,right,6.0,,green,0.265411273154,left green None None,19.0,0.0,left
left,9,,5.0,,red,2.01432551273,forward red None left,20.0,0.0,forward
left,9,forward,4.0,,green,2.31328511556,forward green None None,21.0,0.0,forward
left,9,left,3.0,left,green,0.206655481679,forward green left None,22.0,0.0,forward
left,9,right,2.0,,green,1.45210334225,right green None left,23.0,0.0,right
left,9,,1.0,forward,green,-5.72673946846,right green forward None,24.0,1.0,right
left,10,,20.0,forward,green,-5.71737133518,forward green forward left,0.0,1.0,forward
left,10,forward,19.0,forward,green,2.27955622844,forward green forward forward,1.0,0.0,forward
left,10,right,18.0,,green,1.58916982527,forward green None left,2.0,0.0,forward
left,10,right,17.0,,green,-0.0204474779984,left green None left,3.0,0.0,left
left,10,forward,16.0,forward,green,1.46623882315,right green forward left,4.0,0.0,right
left,10,right,15.0,,green,2.84594977569,right green None None,5.0,0.0,right
left,10,forward,14.0,,red,-10.2795435556,left red None None,6.0,2.0,left
left,10,right,13.0,,green,1.29000833341,left green None forward,7.0,0.0,left
left,10,left,12.0,,red,-9.13416553143,forward red None None,8.0,2.0,forward
left,10,,11.0,,red,1.87692260924,forward red None None,9.0,0.0,forward
left,10,,10.0,,red,1.99134770831,forward red None right,10.0,0.0,forward
left,10,left,9.0,right,green,0.127576058709,forward green right None,11.0,0.0,forward
left,10,right,8.0,,red,2.47886294557,right red None None,12.0,0.0,right
left,10,right,7.0,,green,0.757274387721,right green None left,13.0,0.0,right
left,10,right,6.0,right,red,-0.321104675742,left red right None,14.0,0.0,left
left,10,forward,5.0,forward,green,-0.339401541046,right green forward left,15.0,0.0,right
left,10,,4.0,,red,1.31040675168,forward red None None,16.0,0.0,forward
left,10,left,3.0,left,green,0.998980141381,forward green left None,17.0,0.0,forward
left,10,right,2.0,,red,1.41137598191,right red None None,18.0,0.0,right
left,10,right,1.0,,red,0.266137015205,right red None None,19.0,0.0,right
left,11,forward,30.0,forward,green,1.87259497335,left green forward None,0.0,0.0,left
left,11,left,29.0,forward,green,1.81905611312,left green forward left,1.0,0.0,left
left,11,,28.0,,red,1.71187260534,forward red None None,2.0,0.0,forward
left,11,,27.0,,red,2.65005598367,forward red None None,3.0,0.0,forward
left,11,forward,26.0,,red,-9.90176256342,forward red None None,4.0,2.0,forward
left,11,right,25.0,,red,1.93509206722,forward red None forward,5.0,0.0,forward
left,11,forward,24.0,forward,red,-40.4417023621,left red forward None,6.0,4.0,left
left,11,left,23.0,,green,-19.0381111014,left green None None,7.0,3.0,left
left,11,left,22.0,,green,1.31279508636,left green None None,8.0,0.0,left
left,11,forward,21.0,left,red,-40.1322726926,right red left forward,9.0,4.0,right
left,11,right,20.0,left,red,2.08025626171,right red left None,10.0,0.0,right
left,11,,19.0,forward,red,1.93877214511,forward red forward None,11.0,0.0,forward
left,11,,18.0,,red,2.3874845812,forward red None None,12.0,0.0,forward
left,11,right,17.0,,red,1.73369249132,forward red None None,13.0,0.0,forward
left,11,right,16.0,,red,0.0100148910795,left red None None,14.0,0.0,left
left,11,,15.0,forward,green,-4.76303443651,right green forward None,15.0,1.0,right
left,11,,14.0,forward,red,1.20393161701,right red forward None,16.0,0.0,right
left,11,left,13.0,,red,-10.2528274033,right red None right,17.0,2.0,right
left,11,,12.0,,red,-0.280239666246,right red None forward,18.0,0.0,right
left,11,,11.0,right,green,-5.17611425934,right green right left,19.0,1.0,right
left,11,right,10.0,,green,1.74282560339,right green None left,20.0,0.0,right
left,11,forward,9.0,,green,0.0560857189272,right green None None,21.0,0.0,right
left,11,,8.0,,red,0.0515570986167,right red None left,22.0,0.0,right
left,11,right,7.0,forward,red,-20.4103102509,right red forward left,23.0,3.0,right
left,11,,6.0,,red,1.0010343947,right red None forward,24.0,0.0,right
left,11,,5.0,,red,1.01724035169,right red None None,25.0,0.0,right
left,11,right,4.0,,green,2.10136850759,right green None None,26.0,0.0,right
left,11,forward,3.0,forward,green,0.153708652238,right green forward None,27.0,0.0,right
left,11,right,2.0,,green,0.883605813798,right green None left,28.0,0.0,right
left,12,left,25.0,left,green,-20.386264713,forward green left left,0.0,3.0,forward
left,12,forward,24.0,left,green,2.06378576927,forward green left left,1.0,0.0,forward
left,12,left,23.0,left,green,1.22683369911,forward green left None,2.0,0.0,forward
left,12,right,22.0,,red,2.95924996912,right red None None,3.0,0.0,right
left,12,left,21.0,,red,-9.98229415276,forward red None right,4.0,2.0,forward
left,12,,20.0,,red,2.45118495295,forward red None None,5.0,0.0,forward
left,12,left,19.0,,green,0.619562961555,forward green None None,6.0,0.0,forward
left,12,,18.0,,red,1.84669194663,right red None left,7.0,0.0,right
left,12,right,17.0,,red,1.34997644556,right red None None,8.0,0.0,right
left,13,forward,25.0,forward,green,2.67024258066,forward green forward forward,0.0,0.0,forward
left,13,forward,24.0,right,red,-10.6209678619,forward red right None,1.0,2.0,forward
left,13,,23.0,,red,1.27724825928,forward red None None,2.0,0.0,forward
left,13,,22.0,,red,2.39843732599,forward red None None,3.0,0.0,forward
left,13,right,21.0,,green,-0.0464762295459,forward green None None,4.0,0.0,forward
left,13,,20.0,forward,green,-5.07802900543,left green forward None,5.0,1.0,left
left,13,left,19.0,forward,red,-39.1794462996,left red forward left,6.0,4.0,left
left,13,left,18.0,,red,-9.63989679637,left red None None,7.0,2.0,left
left,13,left,17.0,,red,-40.4396845467,left red None forward,8.0,4.0,left
left,13,left,16.0,,red,-10.2061173312,left red None right,9.0,2.0,left
left,13,,15.0,,red,1.43608432427,left red None None,10.0,0.0,left
left,13,right,14.0,,green,1.19250638219,left green None None,11.0,0.0,left
left,13,right,13.0,forward,green,2.70369577611,right green forward left,12.0,0.0,right
left,13,forward,12.0,right,red,-10.743239103,right red right left,13.0,2.0,right
left,13,,11.0,,red,0.24560008115,right red None left,14.0,0.0,right
left,13,right,10.0,,red,1.20466218219,right red None None,15.0,0.0,right
left,13,right,9.0,,green,-0.0805558062069,forward green None forward,16.0,0.0,forward
left,13,,8.0,right,red,1.76576665139,left red right None,17.0,0.0,left
left,13,forward,7.0,left,red,-9.55474822491,left red left right,18.0,2.0,left
left,13,,6.0,,red,1.34892348536,left red None None,19.0,0.0,left
left,13,,5.0,,red,1.76519875617,left red None None,20.0,0.0,left
left,13,forward,4.0,forward,green,-0.389496717677,left green forward None,21.0,0.0,left
left,13,right,3.0,,green,1.00056415216,left green None None,22.0,0.0,left
left,13,left,2.0,forward,green,0.452322745771,left green forward left,23.0,0.0,left
left,13,,1.0,,red,0.183028433788,left red None None,24.0,0.0,left
left,14,,25.0,,red,1.65158569104,right red None forward,0.0,0.0,right
left,14,,24.0,forward,red,0.649496104213,right red forward None,1.0,0.0,right
left,14,forward,23.0,,red,-39.367607528,right red None forward,2.0,4.0,right
left,14,right,22.0,,red,2.2307296071,right red None None,3.0,0.0,right
left,14,forward,21.0,,green,2.39561860483,forward green None None,4.0,0.0,forward
left,14,right,20.0,left,green,2.19075506553,right green left forward,5.0,0.0,right
left,14,forward,19.0,,green,1.22748964927,forward green None None,6.0,0.0,forward
left,14,forward,18.0,,green,1.32563366745,forward green None None,7.0,0.0,forward
left,15,,20.0,,red,1.01687085669,left red None None,0.0,0.0,left
left,15,,19.0,,red,1.91853829657,left red None None,1.0,0.0,left
left,15,,18.0,,red,1.85360214446,left red None None,2.0,0.0,left
left,15,,17.0,,red,2.6231770866,left red None None,3.0,0.0,left
left,15,right,16.0,,green,0.479099712559,left green None None,4.0,0.0,left
left,15,right,15.0,forward,green,1.60560964412,right green forward left,5.0,0.0,right
left,15,,14.0,forward,red,0.920228087051,left red forward None,6.0,0.0,left
left,15,right,13.0,,green,0.51579830629,left green None None,7.0,0.0,left
left,15,right,12.0,,red,0.673042779031,forward red None None,8.0,0.0,forward
left,15,,11.0,,red,2.34889236666,left red None left,9.0,0.0,left
left,15,left,10.0,,green,-19.5480032246,left green None None,10.0,3.0,left
left,15,right,9.0,,green,0.534446272292,left green None None,11.0,0.0,left
left,15,left,8.0,,green,0.305563139661,right green None None,12.0,0.0,right
left,15,,7.0,left,red,-0.318629317969,right red left forward,13.0,0.0,right
left,15,right,6.0,left,red,1.35991313637,right red left None,14.0,0.0,right
left,15,right,5.0,,red,0.624772664243,right red None None,15.0,0.0,right
left,15,forward,4.0,right,green,1.77039090146,forward green right None,16.0,0.0,forward
left,15,,3.0,,green,-4.20450085948,left green None None,17.0,1.0,left
left,15,forward,2.0,,green,-0.615592008973,left green None right,18.0,0.0,left
left,15,left,1.0,,green,-20.0691495066,left green None forward,19.0,3.0,left
left,16,,25.0,,red,1.26237383075,left red None None,0.0,0.0,left
left,16,,24.0,forward,red,2.13809097519,left red forward None,1.0,0.0,left
left,16,,23.0,,red,2.29535273263,left red None None,2.0,0.0,left
left,16,,22.0,,red,2.42685389466,left red None None,3.0,0.0,left
left,16,,21.0,,red,1.09647579396,left red None None,4.0,0.0,left
left,16,right,20.0,,green,0.651840932031,left green None None,5.0,0.0,left
left,16,left,19.0,left,green,2.73400644503,left green left None,6.0,0.0,left
left,16,left,18.0,left,green,1.15592291163,left green left None,7.0,0.0,left
left,16,forward,17.0,,green,1.97254141123,forward green None None,8.0,0.0,forward
left,16,right,16.0,,green,1.43402440329,forward green None forward,9.0,0.0,forward
left,16,,15.0,left,red,2.14351712814,left red left right,10.0,0.0,left
left,16,left,14.0,left,green,-20.365820725,left green left None,11.0,3.0,left
left,16,forward,13.0,left,green,1.48152731277,left green left None,12.0,0.0,left
left,16,right,12.0,,green,1.20582419836,left green None None,13.0,0.0,left
left,16,forward,11.0,forward,green,0.892072283711,right green forward right,14.0,0.0,right
left,16,forward,10.0,left,green,1.18396288164,right green left left,15.0,0.0,right
left,16,forward,9.0,,green,1.09731483363,forward green None None,16.0,0.0,forward
left,16,,8.0,forward,red,1.88256256699,forward red forward None,17.0,0.0,forward
left,16,forward,7.0,forward,red,-40.142043466,forward red forward right,18.0,4.0,forward
left,16,right,6.0,,red,1.07272332557,forward red None None,19.0,0.0,forward
left,16,forward,5.0,,green,-0.378970963857,left green None None,20.0,0.0,left
left,16,,4.0,,red,1.28786794548,left red None left,21.0,0.0,left
left,16,,3.0,left,red,1.09363489076,left red left None,22.0,0.0,left
left,16,,2.0,,red,1.27608001671,left red None None,23.0,0.0,left
left,16,,1.0,,red,1.97247077669,left red None None,24.0,0.0,left
left,17,right,20.0,,red,2.92156906535,right red None None,0.0,0.0,right
left,17,forward,19.0,forward,green,1.06075621284,forward green forward left,1.0,0.0,forward
left,17,,18.0,left,red,1.19937729282,forward red left None,2.0,0.0,forward
left,17,,17.0,,red,2.57300427653,forward red None None,3.0,0.0,forward
left,17,forward,16.0,,green,1.37544731426,forward green None None,4.0,0.0,forward
left,17,forward,15.0,forward,red,-39.2976036242,forward red forward left,5.0,4.0,forward
left,17,left,14.0,,red,-10.0495170144,forward red None None,6.0,2.0,forward
left,17,forward,13.0,,green,2.71139894067,forward green None None,7.0,0.0,forward
left,18,forward,25.0,left,green,2.76736689581,forward green left forward,0.0,0.0,forward
left,18,,24.0,,red,2.52572676608,forward red None left,1.0,0.0,forward
left,18,,23.0,,red,2.48827141747,forward red None None,2.0,0.0,forward
left,18,forward,22.0,,green,2.43820397282,forward green None None,3.0,0.0,forward
left,18,forward,21.0,right,green,2.94739333308,forward green right None,4.0,0.0,forward
left,18,,20.0,,red,2.2492945841,left red None left,5.0,0.0,left
left,18,,19.0,right,red,1.47901810561,left red right None,6.0,0.0,left
left,18,right,18.0,,green,0.852947341783,left green None None,7.0,0.0,left
left,18,forward,17.0,forward,green,1.77708321101,right green forward None,8.0,0.0,right
left,18,,16.0,forward,red,0.936533241245,forward red forward forward,9.0,0.0,forward
left,18,forward,15.0,,green,2.30644325823,forward green None None,10.0,0.0,forward
left,18,forward,14.0,right,green,2.50922919735,forward green right None,11.0,0.0,forward
left,19,left,30.0,right,green,-19.5115733135,left green right left,0.0,3.0,left
left,19,left,29.0,forward,green,1.77178152388,left green forward left,1.0,0.0,left
left,19,,28.0,,red,1.90278024685,forward red None None,2.0,0.0,forward
left,19,,27.0,,red,1.02523229006,forward red None None,3.0,0.0,forward
left,19,,26.0,forward,red,0.975971524157,forward red forward None,4.0,0.0,forward
left,19,,25.0,,red,2.92433520778,forward red None None,5.0,0.0,forward
left,19,forward,24.0,,green,1.15041757511,forward green None None,6.0,0.0,forward
left,19,,23.0,forward,red,2.00737301887,forward red forward None,7.0,0.0,forward
left,19,,22.0,,red,1.5528838024,forward red None right,8.0,0.0,forward
left,19,,21.0,forward,red,0.99518366904,forward red forward forward,9.0,0.0,forward
left,19,forward,20.0,right,green,2.76958495919,forward green right left,10.0,0.0,forward
left,19,right,19.0,,green,1.70129281105,right green None left,11.0,0.0,right
left,19,left,18.0,left,green,0.949397040901,forward green left None,12.0,0.0,forward
left,19,right,17.0,,red,2.63540127381,right red None None,13.0,0.0,right
left,19,forward,16.0,left,red,-9.68388273813,right red left left,14.0,2.0,right
left,19,right,15.0,left,red,2.36335563293,right red left right,15.0,0.0,right
left,19,forward,14.0,left,green,0.582014692861,left green left None,16.0,0.0,left
left,19,right,13.0,,green,1.11605738667,left green None left,17.0,0.0,left
left,19,right,12.0,right,green,1.79035528392,right green right left,18.0,0.0,right
left,19,forward,11.0,right,green,1.46466018269,right green right None,19.0,0.0,right
left,19,right,10.0,,green,2.3033049031,right green None left,20.0,0.0,right
left,19,right,9.0,,red,2.05617335005,right red None None,21.0,0.0,right
left,19,,8.0,,red,0.679168595771,left red None None,22.0,0.0,left
left,19,right,7.0,,green,0.0964712843939,left green None None,23.0,0.0,left
left,19,right,6.0,left,green,2.35572758933,right green left None,24.0,0.0,right
left,19,right,5.0,left,red,0.448524445324,right red left forward,25.0,0.0,right
left,19,,4.0,forward,red,0.788687815086,right red forward None,26.0,0.0,right
left,19,right,3.0,,red,0.695022813662,right red None None,27.0,0.0,right
left,19,right,2.0,,green,0.0928857861621,left green None None,28.0,0.0,left
left,19,,1.0,,green,-4.89667837856,right green None forward,29.0,1.0,right
left,20,forward,20.0,right,green,1.62037874026,forward green right left,0.0,0.0,forward
left,20,right,19.0,,green,1.0816316085,left green None None,1.0,0.0,left
left,20,left,18.0,left,green,-19.4014231076,forward green left None,2.0,3.0,forward
left,20,forward,17.0,left,green,1.52101343131,forward green left None,3.0,0.0,forward
left,20,,16.0,,red,2.45791553761,forward red None None,4.0,0.0,forward
left,20,,15.0,,red,1.65596898454,forward red None None,5.0,0.0,forward
left,20,right,14.0,,green,1.60071323682,forward green None forward,6.0,0.0,forward
left,20,right,13.0,,green,0.828668770742,left green None None,7.0,0.0,left
left,20,,12.0,right,red,1.17124378859,right red right None,8.0,0.0,right
left,20,,11.0,forward,red,0.550891603425,right red forward None,9.0,0.0,right
left,20,right,10.0,,green,0.90575939511,right green None None,10.0,0.0,right
left,20,forward,9.0,forward,green,1.6707529066,right green forward None,11.0,0.0,right
left,20,,8.0,,red,0.985890307144,right red None left,12.0,0.0,right
left,20,right,7.0,,red,1.37853558705,right red None None,13.0,0.0,right
left,20,right,6.0,,green,1.71429795927,right green None left,14.0,0.0,right
left,20,,5.0,,green,-4.53271921881,left green None right,15.0,1.0,left
left,20,,4.0,,red,0.514981890366,left red None None,16.0,0.0,left
left,20,,3.0,,red,0.735811970664,left red None None,17.0,0.0,left
left,20,,2.0,,red,1.619553509,left red None None,18.0,0.0,left
left,20,,1.0,,red,0.964107394961,left red None None,19.0,0.0,left
