,Trial,action,deadline,inputs,light,reward,state,t,violation,waypoint
left,1,left,25.0,,green,1.41055342693,,0.0,0.0,forward
left,1,forward,24.0,,red,-10.9777781707,,1.0,2.0,right
left,1,right,23.0,,red,2.26667087759,,2.0,0.0,right
left,1,forward,22.0,,green,1.91407609135,,3.0,0.0,forward
left,1,forward,21.0,,red,-9.4203062935,,4.0,2.0,left
left,1,,20.0,,red,2.52664137922,,5.0,0.0,left
left,1,forward,19.0,,red,-10.548743339,,6.0,2.0,left
left,1,,18.0,right,green,-4.65382572033,,7.0,1.0,left
left,1,left,17.0,,green,2.00263713038,,8.0,0.0,left
left,1,left,16.0,right,green,0.905236380234,,9.0,0.0,forward
left,1,forward,15.0,right,green,1.05746491824,,10.0,0.0,right
left,1,forward,14.0,,red,-10.3734256153,,11.0,2.0,right
left,1,,13.0,,red,1.74636360819,,12.0,0.0,right
left,1,left,12.0,,green,-19.2438474979,,13.0,3.0,right
left,1,right,11.0,left,green,1.70791502296,,14.0,0.0,right
left,1,forward,10.0,,red,-10.4485660666,,15.0,2.0,right
left,1,right,9.0,,red,1.11932210699,,16.0,0.0,right
left,1,,8.0,left,red,0.844734921859,,17.0,0.0,forward
left,1,,7.0,,red,2.04962468234,,18.0,0.0,forward
left,1,,6.0,,green,-5.18370016189,,19.0,1.0,forward
left,1,forward,5.0,,green,1.91286438071,,20.0,0.0,forward
left,2,forward,30.0,left,green,0.154545104019,,0.0,0.0,right
left,2,left,29.0,,red,-9.75650490138,,1.0,2.0,right
left,2,right,28.0,,red,2.93532178607,,2.0,0.0,right
left,2,,27.0,forward,green,-5.68407664622,,3.0,1.0,forward
left,2,forward,26.0,forward,green,1.6213512933,,4.0,0.0,forward
left,2,,25.0,left,red,1.84171310767,,5.0,0.0,forward
left,2,,24.0,,red,1.46270722899,,6.0,0.0,forward
left,2,left,23.0,,green,0.966607682044,,7.0,0.0,forward
left,2,,22.0,,red,1.86828047603,,8.0,0.0,right
left,2,right,21.0,,red,2.14498264955,,9.0,0.0,right
left,2,,20.0,left,red,1.21622922,,10.0,0.0,forward
left,2,left,19.0,,green,1.00143140165,,11.0,0.0,forward
left,2,left,18.0,,red,-39.717896527,,12.0,4.0,right
left,2,right,17.0,forward,green,0.964407598599,,13.0,0.0,right
left,2,left,16.0,forward,green,0.665765491124,,14.0,0.0,right
left,2,,15.0,left,red,0.00340662209428,,15.0,0.0,right
left,2,forward,14.0,,green,0.613158594166,,16.0,0.0,right
left,2,forward,13.0,,green,0.759029774205,,17.0,0.0,right
left,2,,12.0,forward,green,-5.85888807056,,18.0,1.0,forward
left,2,right,11.0,forward,red,-20.8594930513,,19.0,3.0,forward
left,2,right,10.0,,red,-0.252237511937,,20.0,0.0,forward
left,2,right,9.0,,green,1.50160270783,,21.0,0.0,left
left,2,forward,8.0,forward,green,0.46008582802,,22.0,0.0,right
left,2,forward,7.0,forward,green,0.25271567241,,23.0,0.0,right
left,2,left,6.0,forward,green,0.494749352077,,24.0,0.0,right
left,2,forward,5.0,,green,-0.258512326193,,25.0,0.0,right
left,2,forward,4.0,,red,-9.32089588523,,26.0,2.0,right
left,2,left,3.0,,red,-9.26466376811,,27.0,2.0,right
left,2,left,2.0,,red,-9.64988223304,,28.0,2.0,right
left,2,left,1.0,forward,red,-40.4363216137,,29.0,4.0,right
left,3,,25.0,right,red,2.50653921904,,0.0,0.0,left
left,3,,24.0,left,red,2.44068821316,,1.0,0.0,left
left,3,left,23.0,left,red,-10.564605272,,2.0,2.0,left
left,3,,22.0,,green,-4.00512813889,,3.0,1.0,left
left,3,left,21.0,right,green,1.41366741708,,4.0,0.0,left
left,3,left,20.0,,green,-20.9519540848,,5.0,3.0,forward
left,3,,19.0,,green,-5.78956949704,,6.0,1.0,forward
left,3,forward,18.0,right,red,-10.3105774206,,7.0,2.0,forward
left,3,forward,17.0,right,red,-10.7524195899,,8.0,2.0,forward
left,3,left,16.0,left,green,1.67433448666,,9.0,0.0,forward
left,3,,15.0,,green,-4.6047852473,,10.0,1.0,right
left,3,right,14.0,,green,1.6236835407,,11.0,0.0,right
left,3,forward,13.0,forward,green,1.78712279083,,12.0,0.0,forward
left,3,forward,12.0,forward,red,-39.3860056313,,13.0,4.0,right
left,3,,11.0,,red,0.384334284888,,14.0,0.0,right
left,3,forward,10.0,,red,-10.151531739,,15.0,2.0,right
left,3,,9.0,,red,-0.199519884567,,16.0,0.0,right
left,3,right,8.0,right,green,2.0799242233,,17.0,0.0,right
left,3,forward,7.0,,green,0.999227590121,,18.0,0.0,forward
left,3,forward,6.0,,green,2.3921418936,,19.0,0.0,forward
left,4,,25.0,left,green,-5.84473874565,,0.0,1.0,left
left,4,left,24.0,left,green,1.72730130617,,1.0,0.0,left
left,4,left,23.0,,green,-19.1340294223,,2.0,3.0,left
left,4,left,22.0,,red,-39.55254319,,3.0,4.0,left
left,4,,21.0,,red,2.24797016063,,4.0,0.0,left
left,4,,20.0,,green,-5.1170182322,,5.0,1.0,left
left,4,,19.0,,green,-4.96813297102,,6.0,1.0,left
left,4,forward,18.0,,red,-10.7597548631,,7.0,2.0,left
left,4,right,17.0,,red,1.71366386498,,8.0,0.0,left
left,4,right,16.0,left,red,0.949574457389,,9.0,0.0,left
left,4,left,15.0,,red,-9.98327288713,,10.0,2.0,right
left,4,,14.0,,green,-4.72734199114,,11.0,1.0,right
left,4,right,13.0,,green,0.911471833917,,12.0,0.0,right
left,4,,12.0,,green,-4.12807846069,,13.0,1.0,forward
left,4,forward,11.0,left,green,2.20114959302,,14.0,0.0,forward
left,4,forward,10.0,right,red,-10.9661401936,,15.0,2.0,forward
left,4,,9.0,,red,2.47977818096,,16.0,0.0,forward
left,4,forward,8.0,,green,1.85262644297,,17.0,0.0,forward
left,4,right,7.0,forward,green,2.14502974251,,18.0,0.0,right
left,4,right,6.0,,green,1.46015736859,,19.0,0.0,forward
left,4,right,5.0,,green,-0.249749592567,,20.0,0.0,left
left,4,forward,4.0,,green,-0.0785871956344,,21.0,0.0,right
left,4,right,3.0,forward,green,1.9214053175,,22.0,0.0,right
left,4,right,2.0,,red,-0.753445662793,,23.0,0.0,left
left,4,right,1.0,forward,green,-0.259906246695,,24.0,0.0,forward
left,5,right,25.0,left,green,0.564471567934,,0.0,0.0,forward
left,5,left,24.0,right,red,-10.2273097566,,1.0,2.0,left
left,5,right,23.0,,red,1.04613359257,,2.0,0.0,left
left,5,,22.0,,green,-5.36842957988,,3.0,1.0,left
left,5,,21.0,,green,-4.56841761426,,4.0,1.0,left
left,5,,20.0,,red,1.3649092175,,5.0,0.0,left
left,5,forward,19.0,right,red,-10.1760740942,,6.0,2.0,left
left,5,,18.0,,green,-4.90962328727,,7.0,1.0,left
left,5,right,17.0,,green,0.938434307695,,8.0,0.0,left
left,5,left,16.0,,red,-9.98498661616,,9.0,2.0,right
left,5,,15.0,,red,1.20795780271,,10.0,0.0,right
left,5,right,14.0,,green,0.864190345676,,11.0,0.0,right
left,5,,13.0,forward,green,-5.3303022614,,12.0,1.0,forward
left,5,left,12.0,forward,red,-40.7061078097,,13.0,4.0,forward
left,5,right,11.0,left,red,1.60793759701,,14.0,0.0,forward
left,5,forward,10.0,,green,0.915620725739,,15.0,0.0,left
left,5,left,9.0,,green,-20.2730107236,,16.0,3.0,left
left,5,,8.0,forward,green,-4.94406047335,,17.0,1.0,left
left,5,,7.0,forward,green,-4.06869419291,,18.0,1.0,left
left,5,left,6.0,forward,green,1.19203496372,,19.0,0.0,left
left,5,right,5.0,forward,green,0.907051744981,,20.0,0.0,forward
left,5,left,4.0,forward,red,-40.2731769915,,21.0,4.0,left
left,5,,3.0,,red,1.97100320285,,22.0,0.0,left
left,5,right,2.0,,green,-0.0262114943652,,23.0,0.0,left
left,5,forward,1.0,forward,green,0.114285999945,,24.0,0.0,right
left,6,forward,30.0,forward,red,-39.602634112,,0.0,4.0,left
left,6,,29.0,,red,1.66407648932,,1.0,0.0,left
left,6,forward,28.0,,red,-9.22578974238,,2.0,2.0,left
left,6,left,27.0,,green,1.44392903395,,3.0,0.0,left
left,6,left,26.0,,green,0.304083400453,,4.0,0.0,forward
left,6,left,25.0,left,red,-9.8152041486,,5.0,2.0,right
left,6,right,24.0,,green,2.79711329551,,6.0,0.0,right
left,6,left,23.0,left,red,-9.60129124229,,7.0,2.0,forward
left,6,right,22.0,,red,0.909654468694,,8.0,0.0,forward
left,6,,21.0,,green,-4.27230798685,,9.0,1.0,left
left,6,,20.0,forward,green,-4.63395818234,,10.0,1.0,left
left,6,left,19.0,forward,red,-39.016888311,,11.0,4.0,left
left,6,,18.0,left,red,1.82050210451,,12.0,0.0,left
left,6,left,17.0,,green,1.6565853807,,13.0,0.0,left
left,6,left,16.0,,red,-39.7894352535,,14.0,4.0,forward
left,6,left,15.0,left,green,-19.5304470371,,15.0,3.0,forward
left,6,,14.0,left,green,-4.48344284045,,16.0,1.0,forward
left,6,,13.0,left,red,1.92227545144,,17.0,0.0,forward
left,6,forward,12.0,,red,-10.99105273,,18.0,2.0,forward
left,6,,11.0,,green,-5.09893340536,,19.0,1.0,forward
left,6,forward,10.0,,green,1.21069087308,,20.0,0.0,forward
left,6,forward,9.0,,red,-9.0003230702,,21.0,2.0,right
left,6,,8.0,,red,1.03216358448,,22.0,0.0,right
left,6,,7.0,left,red,1.29970011137,,23.0,0.0,right
left,6,right,6.0,,red,2.07270799468,,24.0,0.0,right
left,6,right,5.0,,green,0.61581117781,,25.0,0.0,forward
left,6,left,4.0,left,red,-10.8528224196,,26.0,2.0,left
left,6,,3.0,,red,1.37905199823,,27.0,0.0,left
left,6,right,2.0,,red,0.400599507358,,28.0,0.0,left
left,6,left,1.0,,green,-19.6128609421,,29.0,3.0,right
left,7,left,25.0,left,green,1.96033479299,,0.0,0.0,right
left,7,,24.0,,red,1.15283379217,,1.0,0.0,right
left,7,forward,23.0,,red,-10.5906449468,,2.0,2.0,right
left,7,,22.0,,green,-4.25077404075,,3.0,1.0,right
left,7,left,21.0,,green,-19.4911718231,,4.0,3.0,right
left,7,forward,20.0,,red,-39.9553764329,,5.0,4.0,right
left,7,,19.0,,red,1.76054537616,,6.0,0.0,right
left,7,,18.0,,green,-4.97752780494,,7.0,1.0,right
left,7,,17.0,,green,-4.72094088262,,8.0,1.0,right
left,7,,16.0,,red,1.85326912704,,9.0,0.0,right
left,7,right,15.0,,red,1.73115085581,,10.0,0.0,right
left,7,,14.0,,green,-4.03357966909,,11.0,1.0,right
left,7,,13.0,forward,green,-4.48193608697,,12.0,1.0,right
left,7,left,12.0,forward,red,-39.4737241047,,13.0,4.0,right
left,7,left,11.0,,red,-9.50272873034,,14.0,2.0,right
left,7,right,10.0,,red,1.4079749533,,15.0,0.0,right
left,7,left,9.0,,green,1.15762033471,,16.0,0.0,forward
left,7,left,8.0,forward,red,-40.8235990186,,17.0,4.0,right
left,7,left,7.0,left,red,-10.7472707737,,18.0,2.0,right
left,7,left,6.0,,red,-10.2134451342,,19.0,2.0,right
left,7,forward,5.0,,red,-10.4300174881,,20.0,2.0,right
left,7,forward,4.0,,green,0.259536925566,,21.0,0.0,right
left,7,,3.0,,red,-0.475633594184,,22.0,0.0,right
left,7,forward,2.0,right,green,-0.386914277329,,23.0,0.0,right
left,7,,1.0,forward,green,-4.02046198264,,24.0,1.0,right
left,8,right,35.0,,green,0.463482000935,,0.0,0.0,forward
left,8,,34.0,forward,red,2.64570691856,,1.0,0.0,left
left,8,forward,33.0,,red,-10.6306428494,,2.0,2.0,left
left,8,right,32.0,,green,0.8395012869,,3.0,0.0,left
left,8,,31.0,,red,2.4165636329,,4.0,0.0,forward
left,8,forward,30.0,,red,-40.3042130675,,5.0,4.0,forward
left,8,,29.0,,red,1.90782963245,,6.0,0.0,forward
left,8,right,28.0,,green,0.462060561274,,7.0,0.0,forward
left,8,right,27.0,,red,0.673916337901,,8.0,0.0,left
left,8,,26.0,,green,-5.47545385006,,9.0,1.0,forward
left,8,,25.0,left,green,-4.50228989277,,10.0,1.0,forward
left,8,right,24.0,left,green,0.386614884175,,11.0,0.0,forward
left,8,left,23.0,,green,0.893070008676,,12.0,0.0,left
left,8,,22.0,right,green,-4.92657467096,,13.0,1.0,forward
left,8,right,21.0,left,green,1.61128807877,,14.0,0.0,forward
left,8,,20.0,,green,-4.00138490279,,15.0,1.0,left
left,8,forward,19.0,,green,0.470491473419,,16.0,0.0,left
left,8,,18.0,left,green,-4.2047533486,,17.0,1.0,left
left,8,left,17.0,left,green,2.0658017154,,18.0,0.0,left
left,8,right,16.0,left,green,-0.249485032291,,19.0,0.0,forward
left,8,,15.0,left,red,1.59114706631,,20.0,0.0,left
left,8,forward,14.0,,green,0.716042252458,,21.0,0.0,left
left,8,right,13.0,,green,1.57737363956,,22.0,0.0,left
left,8,right,12.0,,red,2.60652851904,,23.0,0.0,right
left,8,,11.0,,green,-4.35029172145,,24.0,1.0,right
left,8,forward,10.0,,red,-10.8810121247,,25.0,2.0,right
left,8,left,9.0,right,red,-9.82629072178,,26.0,2.0,right
left,8,right,8.0,left,green,0.544075940831,,27.0,0.0,right
left,8,right,7.0,forward,green,0.561903071878,,28.0,0.0,forward
left,8,forward,6.0,,red,-9.36260538575,,29.0,2.0,left
left,8,,5.0,,red,2.11153579982,,30.0,0.0,left
left,8,forward,4.0,,green,1.00755278071,,31.0,0.0,left
left,8,forward,3.0,,green,0.308488199224,,32.0,0.0,left
left,8,right,2.0,forward,red,-20.0668770446,,33.0,3.0,left
left,8,,1.0,left,red,0.577692704639,,34.0,0.0,left
left,9,left,25.0,,red,-9.74851739671,,0.0,2.0,left
left,9,left,24.0,,red,-9.17520714995,,1.0,2.0,left
left,9,left,23.0,,red,-9.6400460777,,2.0,2.0,left
left,9,,22.0,,red,1.20211561293,,3.0,0.0,left
left,9,left,21.0,,green,1.85312523561,,4.0,0.0,left
left,9,forward,20.0,,red,-9.22518322131,,5.0,2.0,left
left,9,forward,19.0,forward,red,-40.8128880093,,6.0,4.0,left
left,9,,18.0,forward,green,-5.57400651186,,7.0,1.0,left
left,9,left,17.0,forward,green,1.05913165439,,8.0,0.0,left
left,9,,16.0,left,green,-5.08094241232,,9.0,1.0,forward
left,9,,15.0,left,green,-4.57968384832,,10.0,1.0,forward
left,9,right,14.0,left,red,1.54714403781,,11.0,0.0,forward
left,9,forward,13.0,,red,-39.065761724,,12.0,4.0,left
left,9,left,12.0,right,green,-19.7009473334,,13.0,3.0,left
left,9,forward,11.0,,green,1.06943767486,,14.0,0.0,left
left,9,,10.0,,red,2.12009431174,,15.0,0.0,left
left,9,left,9.0,,green,2.35803707913,,16.0,0.0,left
left,9,forward,8.0,forward,red,-39.8518823846,,17.0,4.0,forward
left,9,left,7.0,,red,-9.7017531352,,18.0,2.0,forward
left,9,left,6.0,,green,1.27816258173,,19.0,0.0,forward
left,9,,5.0,forward,green,-4.67765407922,,20.0,1.0,right
left,9,left,4.0,forward,green,-0.284129777564,,21.0,0.0,right
left,9,right,3.0,,green,0.77906120984,,22.0,0.0,right
left,9,forward,2.0,forward,green,1.10818712666,,23.0,0.0,right
left,9,right,1.0,forward,red,-20.2213338639,,24.0,3.0,right
left,10,,20.0,right,red,1.37270470554,,0.0,0.0,right
left,10,,19.0,,red,0.107149087593,,1.0,0.0,right
left,10,left,18.0,left,red,-9.42498945078,,2.0,2.0,right
left,10,right,17.0,,green,2.35006872913,,3.0,0.0,right
left,10,,16.0,left,red,0.545680624249,,4.0,0.0,right
left,10,left,15.0,left,red,-9.14850013082,,5.0,2.0,right
left,10,forward,14.0,,red,-9.13718705818,,6.0,2.0,right
left,10,forward,13.0,forward,green,1.83619143571,,7.0,0.0,right
left,10,forward,12.0,forward,green,0.115200463736,,8.0,0.0,right
left,10,right,11.0,forward,red,-20.9065394235,,9.0,3.0,right
left,10,left,10.0,,red,-9.33304697063,,10.0,2.0,right
left,10,,9.0,,green,-4.41045671379,,11.0,1.0,right
left,10,forward,8.0,left,green,1.44572166367,,12.0,0.0,right
left,10,forward,7.0,,red,-40.4799642411,,13.0,4.0,right
left,10,forward,6.0,forward,red,-40.7784496051,,14.0,4.0,right
left,10,right,5.0,,red,0.970583060629,,15.0,0.0,right
left,10,,4.0,,green,-5.33421349321,,16.0,1.0,forward
left,10,right,3.0,,red,1.03281274717,,17.0,0.0,forward
left,10,,2.0,,red,1.21950543712,,18.0,0.0,left
left,10,left,1.0,,red,-40.3466311296,,19.0,4.0,left
left,11,forward,30.0,,red,-9.33612008738,,0.0,2.0,forward
left,11,left,29.0,,red,-9.7580686702,,1.0,2.0,forward
left,11,,28.0,,red,2.30178786804,,2.0,0.0,forward
left,11,forward,27.0,right,red,-9.78124111215,,3.0,2.0,forward
left,11,left,26.0,,red,-10.2596376692,,4.0,2.0,forward
left,11,forward,25.0,,green,1.46438031783,,5.0,0.0,forward
left,11,left,24.0,,red,-10.1116083803,,6.0,2.0,forward
left,11,right,23.0,,green,1.0618011475,,7.0,0.0,forward
left,11,right,22.0,,red,1.8347649954,,8.0,0.0,left
left,11,right,21.0,,red,1.52969307145,,9.0,0.0,left
left,11,forward,20.0,,green,0.374869517757,,10.0,0.0,right
left,11,forward,19.0,forward,green,1.00028812938,,11.0,0.0,right
left,11,forward,18.0,,red,-9.22340505907,,12.0,2.0,right
left,11,,17.0,,green,-4.69782062823,,13.0,1.0,right
left,11,left,16.0,,green,-0.0911151259248,,14.0,0.0,right
left,11,,15.0,,green,-5.10644458453,,15.0,1.0,right
left,11,forward,14.0,forward,green,0.184472176587,,16.0,0.0,right
left,11,,13.0,,red,2.12981448075,,17.0,0.0,forward
left,11,right,12.0,,red,0.348512742271,,18.0,0.0,forward
left,11,right,11.0,,green,0.340273328759,,19.0,0.0,left
left,11,right,10.0,,red,-0.298984728375,,20.0,0.0,forward
left,11,left,9.0,,green,-20.4016018086,,21.0,3.0,left
left,11,left,8.0,,green,0.969672409288,,22.0,0.0,left
left,11,right,7.0,,green,0.914822778668,,23.0,0.0,forward
left,11,left,6.0,,green,2.00445539705,,24.0,0.0,left
left,11,right,5.0,,green,0.319922955033,,25.0,0.0,forward
left,11,right,4.0,right,green,0.793308925776,,26.0,0.0,left
left,11,left,3.0,,red,-9.1883201058,,27.0,2.0,right
left,11,right,2.0,,red,1.69957403289,,28.0,0.0,right
left,11,forward,1.0,,red,-9.81601436916,,29.0,2.0,right
left,12,forward,20.0,,green,0.828430009634,,0.0,0.0,left
left,12,right,19.0,right,red,0.626646334825,,1.0,0.0,left
left,12,forward,18.0,,green,0.778722762423,,2.0,0.0,right
left,12,,17.0,forward,green,-5.46320143977,,3.0,1.0,forward
left,12,right,16.0,forward,green,1.01168895436,,4.0,0.0,forward
left,12,left,15.0,,red,-9.97986616809,,5.0,2.0,left
left,12,forward,14.0,,green,1.59939825187,,6.0,0.0,left
left,12,forward,13.0,,red,-10.2272158288,,7.0,2.0,left
left,12,forward,12.0,,red,-9.64760625952,,8.0,2.0,left
left,12,left,11.0,,red,-9.68265989337,,9.0,2.0,left
left,12,,10.0,,green,-5.1812485688,,10.0,1.0,left
left,12,right,9.0,,green,-0.279253195586,,11.0,0.0,left
left,12,right,8.0,forward,red,-20.9269149249,,12.0,3.0,forward
left,12,left,7.0,,green,0.621154419297,,13.0,0.0,forward
left,12,forward,6.0,forward,green,1.17133575805,,14.0,0.0,right
left,12,left,5.0,,green,-20.7062831045,,15.0,3.0,right
left,12,forward,4.0,left,green,-0.082646797563,,16.0,0.0,right
left,12,left,3.0,,green,-0.291470516322,,17.0,0.0,right
left,12,forward,2.0,,red,-10.5689581507,,18.0,2.0,forward
left,12,right,1.0,,red,-0.798113846631,,19.0,0.0,forward
left,13,left,20.0,left,green,1.71289983692,,0.0,0.0,right
left,13,left,19.0,,green,1.25256066825,,1.0,0.0,right
left,13,left,18.0,,red,-9.84217582662,,2.0,2.0,left
left,13,forward,17.0,,green,1.24045104616,,3.0,0.0,left
left,13,forward,16.0,,red,-10.2073545371,,4.0,2.0,left
left,13,forward,15.0,forward,green,0.0323514890742,,5.0,0.0,left
left,13,forward,14.0,,red,-9.6976027148,,6.0,2.0,left
left,13,left,13.0,,green,-20.6108208926,,7.0,3.0,left
left,13,right,12.0,,green,0.0214963067204,,8.0,0.0,left
left,13,right,11.0,,green,1.20922508376,,9.0,0.0,forward
left,13,right,10.0,forward,green,-0.0620202376049,,10.0,0.0,left
left,13,left,9.0,,green,1.29224762135,,11.0,0.0,forward
left,13,,8.0,left,green,-4.52174551192,,12.0,1.0,right
left,13,left,7.0,left,red,-10.8474204988,,13.0,2.0,right
left,13,,6.0,left,red,0.851355659522,,14.0,0.0,right
left,13,right,5.0,,green,1.15546294431,,15.0,0.0,right
left,13,forward,4.0,left,red,-9.32450392191,,16.0,2.0,forward
left,13,right,3.0,,red,1.26130988545,,17.0,0.0,forward
left,13,,2.0,,green,-5.61656728084,,18.0,1.0,left
left,13,,1.0,forward,green,-4.28881423021,,19.0,1.0,left
left,14,forward,25.0,left,green,1.44505849801,,0.0,0.0,right
left,14,forward,24.0,forward,green,2.58487143138,,1.0,0.0,forward
left,14,left,23.0,,green,0.152705110389,,2.0,0.0,forward
left,14,forward,22.0,right,green,0.63740862998,,3.0,0.0,right
left,14,forward,21.0,,green,0.807089859723,,4.0,0.0,right
left,14,,20.0,right,green,-5.12763428529,,5.0,1.0,right
left,14,,19.0,,green,-4.68717150962,,6.0,1.0,right
left,14,,18.0,forward,red,1.26851044903,,7.0,0.0,right
left,14,forward,17.0,,red,-10.8016354326,,8.0,2.0,right
left,14,right,16.0,,red,1.40350831983,,9.0,0.0,right
left,14,left,15.0,,red,-39.8390334411,,10.0,4.0,forward
left,14,forward,14.0,,green,0.938965877315,,11.0,0.0,forward
left,14,right,13.0,,green,1.74067754614,,12.0,0.0,left
left,14,,12.0,,green,-5.9493466375,,13.0,1.0,forward
left,14,,11.0,forward,green,-4.69829918173,,14.0,1.0,forward
left,14,forward,10.0,forward,red,-40.1091633889,,15.0,4.0,forward
left,14,left,9.0,,red,-9.50032271989,,16.0,2.0,forward
left,14,left,8.0,,green,1.14261873935,,17.0,0.0,forward
left,14,,7.0,,green,-5.12402799993,,18.0,1.0,right
left,14,forward,6.0,,red,-40.9559487388,,19.0,4.0,right
left,14,left,5.0,forward,red,-39.2311255926,,20.0,4.0,right
left,14,right,4.0,,green,1.06061952525,,21.0,0.0,right
left,14,,3.0,,green,-5.00715578334,,22.0,1.0,right
left,14,forward,2.0,,green,1.13928069457,,23.0,0.0,right
left,14,,1.0,forward,green,-5.13485795686,,24.0,1.0,right
left,15,,20.0,right,green,-5.95213511473,,0.0,1.0,forward
left,15,left,19.0,,green,0.765484981421,,1.0,0.0,forward
left,15,right,18.0,,red,2.00536043185,,2.0,0.0,right
left,15,left,17.0,left,red,-39.1444874334,,3.0,4.0,forward
left,15,right,16.0,left,red,1.12001969881,,4.0,0.0,forward
left,15,,15.0,forward,green,-4.94192369442,,5.0,1.0,left
left,15,left,14.0,forward,red,-39.6450787495,,6.0,4.0,left
left,15,forward,13.0,,red,-10.3387531808,,7.0,2.0,left
left,15,forward,12.0,forward,red,-39.6046978268,,8.0,4.0,left
left,15,right,11.0,,red,0.0984259186953,,9.0,0.0,left
left,15,left,10.0,left,red,-10.1217432701,,10.0,2.0,right
left,15,,9.0,,red,1.3201276602,,11.0,0.0,right
left,15,forward,8.0,forward,red,-39.6944543045,,12.0,4.0,right
left,15,,7.0,,green,-5.74406968457,,13.0,1.0,right
left,15,,6.0,,green,-5.45761278307,,14.0,1.0,right
left,15,left,5.0,forward,green,0.564091452213,,15.0,0.0,right
left,15,left,4.0,,green,1.22189837141,,16.0,0.0,left
left,15,,3.0,,red,1.43230201537,,17.0,0.0,forward
left,15,,2.0,,red,2.22632181003,,18.0,0.0,forward
left,15,right,1.0,forward,green,0.287187011793,,19.0,0.0,forward
left,16,left,20.0,,green,2.64775845495,,0.0,0.0,left
left,16,left,19.0,right,green,0.793907815645,,1.0,0.0,forward
left,16,left,18.0,left,green,1.29444764078,,2.0,0.0,right
left,16,left,17.0,left,green,1.37483251525,,3.0,0.0,right
left,16,,16.0,,red,2.4022877483,,4.0,0.0,left
left,16,forward,15.0,,green,0.336050108166,,5.0,0.0,left
left,16,right,14.0,forward,green,0.689589414391,,6.0,0.0,left
left,16,,13.0,right,red,0.18560258445,,7.0,0.0,right
left,16,forward,12.0,,red,-10.2090604494,,8.0,2.0,right
left,16,forward,11.0,,green,0.703314373372,,9.0,0.0,right
left,16,,10.0,forward,green,-5.94689588687,,10.0,1.0,forward
left,16,right,9.0,forward,red,-20.6328925935,,11.0,3.0,forward
left,16,,8.0,,red,2.5168265552,,12.0,0.0,forward
left,16,forward,7.0,right,green,2.00021148577,,13.0,0.0,forward
left,16,right,6.0,,green,0.713755183878,,14.0,0.0,forward
left,16,,5.0,forward,red,2.05366834813,,15.0,0.0,left
left,16,right,4.0,,green,0.600419852646,,16.0,0.0,left
left,16,left,3.0,,red,-10.0992698206,,17.0,2.0,left
left,16,forward,2.0,forward,red,-39.8713685407,,18.0,4.0,left
left,16,forward,1.0,,green,-0.126109180673,,19.0,0.0,left
left,17,right,20.0,,green,1.46041721017,,0.0,0.0,right
left,17,forward,19.0,,green,0.21800129105,,1.0,0.0,right
left,17,forward,18.0,,red,-10.9665191399,,2.0,2.0,right
left,17,right,17.0,,red,1.38891690772,,3.0,0.0,right
left,17,forward,16.0,,red,-10.0822833126,,4.0,2.0,forward
left,17,left,15.0,,red,-9.48599162278,,5.0,2.0,forward
left,17,left,14.0,,green,0.0719152583182,,6.0,0.0,forward
left,17,,13.0,,red,1.73076021802,,7.0,0.0,right
left,17,left,12.0,,red,-9.31790046154,,8.0,2.0,right
left,17,left,11.0,,red,-10.6797450784,,9.0,2.0,right
left,17,,10.0,,red,0.194801218471,,10.0,0.0,right
left,17,left,9.0,,green,-0.0872141289316,,11.0,0.0,right
left,17,right,8.0,,red,1.25906832944,,12.0,0.0,left
left,17,right,7.0,,red,0.978387670331,,13.0,0.0,right
left,17,,6.0,,red,1.76837730402,,14.0,0.0,forward
left,17,forward,5.0,left,red,-9.99418616281,,15.0,2.0,forward
left,17,left,4.0,,green,-0.281791313737,,16.0,0.0,forward
left,17,,3.0,,green,-4.80236580196,,17.0,1.0,right
left,17,right,2.0,right,green,1.35946317265,,18.0,0.0,right
left,17,right,1.0,forward,red,-19.8415217155,,19.0,3.0,forward
left,18,left,20.0,,red,-9.62768401946,,0.0,2.0,forward
left,18,,19.0,,red,2.74368013743,,1.0,0.0,forward
left,18,right,18.0,,red,1.81724747228,,2.0,0.0,forward
left,18,forward,17.0,,red,-10.6548502472,,3.0,2.0,left
left,18,left,16.0,,red,-9.00635402159,,4.0,2.0,left
left,18,right,15.0,,red,0.644661626841,,5.0,0.0,left
left,18,left,14.0,,red,-9.92722512721,,6.0,2.0,left
left,18,right,13.0,,green,1.84620544343,,7.0,0.0,left
left,18,forward,12.0,,red,-10.9672493906,,8.0,2.0,right
left,18,,11.0,right,red,1.52443918094,,9.0,0.0,right
left,18,forward,10.0,,green,0.273900308894,,10.0,0.0,right
left,18,,9.0,,red,0.151718635411,,11.0,0.0,right
left,18,left,8.0,,red,-10.741306984,,12.0,2.0,right
left,18,forward,7.0,left,red,-10.961593395,,13.0,2.0,right
left,18,left,6.0,,red,-10.8304243303,,14.0,2.0,right
left,18,right,5.0,,red,1.86071326955,,15.0,0.0,right
left,18,right,4.0,,green,0.533502142562,,16.0,0.0,forward
left,18,,3.0,forward,green,-4.93363409379,,17.0,1.0,left
left,18,right,2.0,forward,green,0.493387276572,,18.0,0.0,left
left,18,forward,1.0,left,green,0.678729594306,,19.0,0.0,right
left,19,forward,25.0,,red,-9.81320681212,,0.0,2.0,left
left,19,left,24.0,,red,-9.51077636985,,1.0,2.0,left
left,19,left,23.0,,red,-9.31798023797,,2.0,2.0,left
left,19,right,22.0,,red,1.17586231658,,3.0,0.0,left
left,19,right,21.0,left,green,1.37630932765,,4.0,0.0,right
left,19,forward,20.0,,green,2.88293514574,,5.0,0.0,forward
left,19,,19.0,,green,-5.51762392416,,6.0,1.0,forward
left,19,forward,18.0,,green,1.66123650562,,7.0,0.0,forward
left,19,left,17.0,left,red,-40.2411955215,,8.0,4.0,right
left,19,right,16.0,,red,1.01898998899,,9.0,0.0,right
left,19,forward,15.0,right,green,1.52818830555,,10.0,0.0,forward
left,19,left,14.0,left,red,-9.10345593895,,11.0,2.0,forward
left,19,forward,13.0,,red,-10.0456019257,,12.0,2.0,forward
left,19,,12.0,forward,green,-4.83156034972,,13.0,1.0,forward
left,19,forward,11.0,forward,green,2.21393067381,,14.0,0.0,forward
left,20,left,30.0,left,green,-19.1518610987,,0.0,3.0,forward
left,20,forward,29.0,forward,green,1.91515538297,,1.0,0.0,forward
left,20,right,28.0,,red,1.16326515754,,2.0,0.0,forward
left,20,right,27.0,forward,green,1.52433124045,,3.0,0.0,left
left,20,,26.0,,red,2.20303373321,,4.0,0.0,left
left,20,forward,25.0,forward,green,0.869485753309,,5.0,0.0,left
left,20,left,24.0,left,red,-10.271188679,,6.0,2.0,left
left,20,,23.0,right,red,2.32719803826,,7.0,0.0,left
left,20,left,22.0,right,red,-40.4866112444,,8.0,4.0,left
left,20,left,21.0,,green,1.17883282718,,9.0,0.0,left
left,20,forward,20.0,,green,1.58666218658,,10.0,0.0,left
left,20,forward,19.0,,green,1.79520428762,,11.0,0.0,left
left,20,,18.0,,green,-5.05945465296,,12.0,1.0,left
left,20,,17.0,,red,2.31581388662,,13.0,0.0,left
left,20,right,16.0,,red,0.291340997198,,14.0,0.0,left
left,20,left,15.0,,green,1.21913533518,,15.0,0.0,forward
left,20,left,14.0,,green,-0.189476081553,,16.0,0.0,right
left,20,forward,13.0,,green,0.838809302272,,17.0,0.0,forward
left,20,right,12.0,,red,-0.141009750388,,18.0,0.0,forward
left,20,right,11.0,forward,red,-19.48378553,,19.0,3.0,left
left,20,forward,10.0,,red,-10.8242727008,,20.0,2.0,left
left,20,,9.0,,red,1.67586618031,,21.0,0.0,left
left,20,,8.0,,green,-4.710501099,,22.0,1.0,left
left,20,left,7.0,right,green,1.85931375211,,23.0,0.0,left
left,20,left,6.0,,red,-10.5596517051,,24.0,2.0,forward
left,20,right,5.0,left,red,0.988281085469,,25.0,0.0,forward
left,20,forward,4.0,,red,-10.4703418358,,26.0,2.0,left
left,20,left,3.0,,red,-40.3902789979,,27.0,4.0,left
left,20,right,2.0,,red,0.948378750987,,28.0,0.0,left
left,20,left,1.0,,green,1.18828648832,,29.0,0.0,left
