,Trial,action,deadline,inputs,light,reward,state,t,violation,waypoint
left,1,forward,30.0,,green,1.02911158868,forward green None right,0.0,0.0,forward
left,1,forward,29.0,,red,-9.51298034009,forward red None forward,1.0,2.0,forward
left,1,left,28.0,right,red,-10.5233164382,forward red right forward,2.0,2.0,forward
left,1,forward,27.0,,red,-9.14239206824,forward red None forward,3.0,2.0,forward
left,1,,26.0,,green,-5.40574596637,forward green None forward,4.0,1.0,forward
left,1,left,25.0,,green,0.757094354174,forward green None left,5.0,0.0,forward
left,1,right,24.0,,red,1.50954218642,right red None None,6.0,0.0,right
left,1,forward,23.0,left,red,-39.9851533004,forward red left None,7.0,4.0,forward
left,1,,22.0,left,red,2.64154852439,forward red left left,8.0,0.0,forward
left,1,left,21.0,,red,-10.3847599393,forward red None left,9.0,2.0,forward
left,1,left,20.0,right,green,0.334336028255,forward green right left,10.0,0.0,forward
left,1,,19.0,,green,-5.33061352749,right green None None,11.0,1.0,right
left,1,forward,18.0,right,green,0.638797582068,right green right right,12.0,0.0,right
left,1,right,17.0,,red,2.25825431026,right red None None,13.0,0.0,right
left,1,right,16.0,,red,1.63274266626,left red None None,14.0,0.0,left
left,1,,15.0,left,green,-4.36702560512,right green left None,15.0,1.0,right
left,1,left,14.0,left,red,-9.98050183415,right red left None,16.0,2.0,right
left,1,,13.0,,red,0.29532769892,right red None None,17.0,0.0,right
left,1,right,12.0,,red,1.67083746691,right red None right,18.0,0.0,right
left,1,,11.0,right,red,0.870952740496,right red right None,19.0,0.0,right
left,1,,10.0,forward,red,1.17818224353,right red forward None,20.0,0.0,right
left,1,forward,9.0,forward,green,1.25072939904,right green forward None,21.0,0.0,right
left,1,left,8.0,right,green,0.983235304946,right green right left,22.0,0.0,right
left,1,right,7.0,,red,0.706926646843,left red None left,23.0,0.0,left
left,1,left,6.0,,red,-9.50239659826,left red None left,24.0,2.0,left
left,1,forward,5.0,,red,-10.8763588001,left red None left,25.0,2.0,left
left,1,forward,4.0,right,green,0.626123649248,left green right left,26.0,0.0,left
left,1,forward,3.0,,green,1.43090990157,forward green None left,27.0,0.0,forward
left,1,left,2.0,,red,-10.9761905338,forward red None forward,28.0,2.0,forward
left,1,right,1.0,,green,-0.128232444638,forward green None forward,29.0,0.0,forward
left,2,left,25.0,,green,0.533541056987,forward green None None,0.0,0.0,forward
left,2,,24.0,right,green,-5.50354585248,right green right None,1.0,1.0,right
left,2,,23.0,,green,-5.63993443763,right green None left,2.0,1.0,right
left,2,left,22.0,,green,1.67181512084,right green None None,3.0,0.0,right
left,2,,21.0,,red,1.9329735932,right red None forward,4.0,0.0,right
left,2,forward,20.0,,red,-9.9421235173,right red None forward,5.0,2.0,right
left,2,left,19.0,,green,-19.3340336312,right green None forward,6.0,3.0,right
left,2,forward,18.0,forward,green,0.444620506128,right green forward right,7.0,0.0,right
left,2,right,17.0,,green,1.60592163446,forward green None None,8.0,0.0,forward
left,2,left,16.0,,red,-9.27858996578,left red None None,9.0,2.0,left
left,2,right,15.0,,red,1.01897615596,left red None None,10.0,0.0,left
left,2,right,14.0,,green,-0.0547973950625,forward green None right,11.0,0.0,forward
left,2,,13.0,right,green,-5.82547358368,left green right forward,12.0,1.0,left
left,2,,12.0,right,green,-5.13826917988,left green right None,13.0,1.0,left
left,2,right,11.0,,green,1.67907915013,left green None None,14.0,0.0,left
left,2,left,10.0,forward,green,-0.10789313626,forward green forward left,15.0,0.0,forward
left,2,,9.0,left,red,1.4862988048,right red left None,16.0,0.0,right
left,2,right,8.0,,red,1.42436909985,right red None None,17.0,0.0,right
left,2,right,7.0,,red,1.280713199,forward red None forward,18.0,0.0,forward
left,2,,6.0,,green,-4.72198841702,left green None None,19.0,1.0,left
left,2,,5.0,,green,-5.85510322114,left green None None,20.0,1.0,left
left,2,forward,4.0,,red,-9.16323220415,left red None left,21.0,2.0,left
left,2,right,3.0,left,red,-0.618982881223,left red left left,22.0,0.0,left
left,2,,2.0,left,red,1.17908422736,left red left None,23.0,0.0,left
left,2,right,1.0,,red,0.182760990251,left red None forward,24.0,0.0,left
left,3,,25.0,,red,2.41570995871,forward red None None,0.0,0.0,forward
left,3,forward,24.0,,red,-9.08901665182,forward red None None,1.0,2.0,forward
left,3,right,23.0,,red,0.139079012824,forward red None None,2.0,0.0,forward
left,3,left,22.0,,red,-10.2048477508,left red None left,3.0,2.0,left
left,3,left,21.0,,red,-10.4172247043,left red None left,4.0,2.0,left
left,3,forward,20.0,,red,-10.4307919689,left red None left,5.0,2.0,left
left,3,forward,19.0,left,green,0.422468552446,left green left left,6.0,0.0,left
left,3,right,18.0,forward,red,-20.1472321206,left red forward left,7.0,3.0,left
left,3,left,17.0,,red,-10.7683043339,left red None left,8.0,2.0,left
left,3,right,16.0,,red,1.77797087882,left red None left,9.0,0.0,left
left,3,forward,15.0,,red,-40.5490481763,forward red None None,10.0,4.0,forward
left,3,left,14.0,,red,-10.2062867435,forward red None None,11.0,2.0,forward
left,3,left,13.0,right,red,-9.6087332379,forward red right None,12.0,2.0,forward
left,3,,12.0,left,green,-4.50872846538,forward green left None,13.0,1.0,forward
left,3,left,11.0,left,green,0.374847455847,forward green left None,14.0,0.0,forward
left,3,,10.0,,red,-0.0643829408079,right red None None,15.0,0.0,right
left,3,forward,9.0,,red,-10.3526607962,right red None None,16.0,2.0,right
left,3,forward,8.0,,green,0.24526865707,right green None forward,17.0,0.0,right
left,3,,7.0,left,green,-4.43809309184,right green left forward,18.0,1.0,right
left,3,right,6.0,left,green,1.20894746087,right green left None,19.0,0.0,right
left,3,forward,5.0,forward,green,0.421046140368,forward green forward None,20.0,0.0,forward
left,3,right,4.0,,green,1.10642299922,forward green None None,21.0,0.0,forward
left,3,left,3.0,,red,-9.05344522628,left red None None,22.0,2.0,left
left,3,right,2.0,right,green,0.720120595545,left green right None,23.0,0.0,left
left,3,left,1.0,,red,-10.8053561405,left red None forward,24.0,2.0,left
left,4,forward,20.0,left,green,0.916057859192,left green left left,0.0,0.0,left
left,4,left,19.0,,red,-9.65146099207,left red None None,1.0,2.0,left
left,4,left,18.0,,red,-9.1517563628,left red None None,2.0,2.0,left
left,4,right,17.0,,red,0.279499444469,left red None None,3.0,0.0,left
left,4,forward,16.0,,red,-10.7618186445,left red None None,4.0,2.0,left
left,4,,15.0,,red,1.48421491886,left red None None,5.0,0.0,left
left,4,,14.0,,red,2.52293873397,left red None None,6.0,0.0,left
left,4,forward,13.0,,green,0.980947509389,left green None None,7.0,0.0,left
left,4,forward,12.0,forward,green,1.71668359746,forward green forward right,8.0,0.0,forward
left,4,,11.0,,green,-5.69740533614,forward green None left,9.0,1.0,forward
left,4,left,10.0,,green,0.614968406526,forward green None None,10.0,0.0,forward
left,4,forward,9.0,left,green,1.43775011229,right green left None,11.0,0.0,right
left,4,,8.0,forward,green,-4.16743660454,right green forward left,12.0,1.0,right
left,4,left,7.0,forward,red,-40.9611799745,right red forward None,13.0,4.0,right
left,4,,6.0,,red,1.02213106009,right red None None,14.0,0.0,right
left,4,,5.0,,red,-0.25134306782,right red None right,15.0,0.0,right
left,4,,4.0,,red,1.24942073393,right red None None,16.0,0.0,right
left,4,right,3.0,,green,1.2678641374,right green None None,17.0,0.0,right
left,4,left,2.0,,green,-0.619731281516,forward green None None,18.0,0.0,forward
left,4,forward,1.0,,green,-0.360170701019,right green None None,19.0,0.0,right
left,5,left,25.0,,green,0.0643960527222,forward green None None,0.0,0.0,forward
left,5,,24.0,,red,0.341578570499,right red None left,1.0,0.0,right
left,5,right,23.0,,red,1.36190346137,right red None left,2.0,0.0,right
left,5,forward,22.0,,green,1.2024261336,forward green None None,3.0,0.0,forward
left,5,,21.0,,green,-5.06115444628,left green None None,4.0,1.0,left
left,5,left,20.0,,green,1.99855005005,left green None None,5.0,0.0,left
left,5,left,19.0,,green,0.336072628026,forward green None left,6.0,0.0,forward
left,5,,18.0,,red,1.21740214858,right red None forward,7.0,0.0,right
left,5,,17.0,,red,0.744008259997,right red None forward,8.0,0.0,right
left,5,right,16.0,,red,1.15795050542,right red None forward,9.0,0.0,right
left,5,right,15.0,forward,red,-19.0247286458,right red forward None,10.0,3.0,right
left,5,,14.0,,red,0.517219438124,right red None None,11.0,0.0,right
left,5,right,13.0,,red,1.27184404479,right red None None,12.0,0.0,right
left,6,left,30.0,,green,1.23209097673,forward green None left,0.0,0.0,forward
left,6,forward,29.0,,green,0.4619493124,right green None None,1.0,0.0,right
left,6,right,28.0,,red,2.95959166222,right red None forward,2.0,0.0,right
left,6,left,27.0,forward,green,1.10806564554,forward green forward None,3.0,0.0,forward
left,6,left,26.0,,red,-39.9048155255,right red None None,4.0,4.0,right
left,6,,25.0,,green,-4.27731922668,right green None None,5.0,1.0,right
left,6,,24.0,,green,-5.42003644528,right green None None,6.0,1.0,right
left,6,right,23.0,,red,1.56651420567,right red None None,7.0,0.0,right
left,6,forward,22.0,,green,1.76862206707,forward green None None,8.0,0.0,forward
left,7,forward,25.0,left,red,-10.9040531457,left red left None,0.0,2.0,left
left,7,right,24.0,,red,0.0197527461429,left red None right,1.0,0.0,left
left,7,right,23.0,,red,1.08308840307,forward red None left,2.0,0.0,forward
left,7,,22.0,forward,green,-4.45623836906,left green forward forward,3.0,1.0,left
left,7,right,21.0,forward,green,1.94505527248,left green forward None,4.0,0.0,left
left,7,right,20.0,left,red,1.02098359572,forward red left None,5.0,0.0,forward
left,7,forward,19.0,,green,0.835707859206,left green None None,6.0,0.0,left
left,7,forward,18.0,left,red,-10.1420217657,left red left forward,7.0,2.0,left
left,7,forward,17.0,,red,-9.47494034681,left red None forward,8.0,2.0,left
left,7,right,16.0,,red,0.61833122389,left red None forward,9.0,0.0,left
left,7,,15.0,,red,1.9758277652,forward red None forward,10.0,0.0,forward
left,7,right,14.0,,red,0.721350663537,forward red None forward,11.0,0.0,forward
left,7,left,13.0,,red,-9.41488315596,left red None forward,12.0,2.0,left
left,7,right,12.0,,green,1.18281100431,left green None forward,13.0,0.0,left
left,7,right,11.0,forward,green,0.6033549323,forward green forward forward,14.0,0.0,forward
left,7,forward,10.0,left,green,-0.00777189313759,left green left None,15.0,0.0,left
left,7,right,9.0,,red,1.23686283586,left red None None,16.0,0.0,left
left,7,right,8.0,,red,1.28409475496,forward red None forward,17.0,0.0,forward
left,7,,7.0,,green,-5.27958104288,left green None None,18.0,1.0,left
left,7,,6.0,,red,1.72796945853,left red None None,19.0,0.0,left
left,7,forward,5.0,,red,-10.9511328922,left red None None,20.0,2.0,left
left,7,forward,4.0,,red,-9.38066095944,left red None None,21.0,2.0,left
left,7,,3.0,right,green,-4.10982128112,left green right None,22.0,1.0,left
left,7,right,2.0,forward,green,-0.246623119353,left green forward None,23.0,0.0,left
left,7,forward,1.0,,red,-10.0675179063,forward red None left,24.0,2.0,forward
left,8,,35.0,forward,green,-4.57752365296,left green forward forward,0.0,1.0,left
left,8,forward,34.0,forward,green,0.0866086091728,left green forward None,1.0,0.0,left
left,8,right,33.0,,green,1.68841509551,left green None None,2.0,0.0,left
left,8,left,32.0,,red,-10.2758700763,forward red None None,3.0,2.0,forward
left,8,,31.0,,green,-4.1120512016,forward green None None,4.0,1.0,forward
left,8,right,30.0,,green,1.44582484845,forward green None None,5.0,0.0,forward
left,8,,29.0,,green,-5.76347651987,left green None left,6.0,1.0,left
left,8,left,28.0,,green,2.04643335262,left green None None,7.0,0.0,left
left,8,right,27.0,,green,0.903604945302,forward green None forward,8.0,0.0,forward
left,8,forward,26.0,,red,-9.26668885887,left red None forward,9.0,2.0,left
left,8,,25.0,,green,-4.90691428033,left green None forward,10.0,1.0,left
left,8,,24.0,,green,-5.72196748799,left green None None,11.0,1.0,left
left,8,right,23.0,,green,0.285207350102,left green None None,12.0,0.0,left
left,8,forward,22.0,,red,-39.7320773195,left red None left,13.0,4.0,left
left,8,left,21.0,,red,-10.3712851845,left red None left,14.0,2.0,left
left,8,forward,20.0,,red,-10.25963947,left red None left,15.0,2.0,left
left,8,forward,19.0,,green,1.1848182785,left green None left,16.0,0.0,left
left,8,,18.0,left,red,2.749727398,forward red left None,17.0,0.0,forward
left,8,,17.0,left,red,2.2309858572,forward red left right,18.0,0.0,forward
left,8,,16.0,left,red,2.21874102074,forward red left left,19.0,0.0,forward
left,8,right,15.0,,red,1.33824487891,forward red None left,20.0,0.0,forward
left,8,forward,14.0,,green,-0.219545194888,left green None left,21.0,0.0,left
left,8,right,13.0,,red,0.678969958982,left red None None,22.0,0.0,left
left,8,forward,12.0,,green,1.64265301479,forward green None None,23.0,0.0,forward
left,8,,11.0,left,green,-5.82838715879,forward green left None,24.0,1.0,forward
left,8,right,10.0,forward,red,-19.026133658,forward red forward None,25.0,3.0,forward
left,8,forward,9.0,left,red,-9.50106570482,forward red left None,26.0,2.0,forward
left,8,forward,8.0,,red,-10.0230708326,forward red None None,27.0,2.0,forward
left,8,,7.0,,red,1.15645642322,forward red None left,28.0,0.0,forward
left,8,left,6.0,,green,1.23731911667,forward green None left,29.0,0.0,forward
left,8,,5.0,,red,0.0960532306668,right red None None,30.0,0.0,right
left,8,right,4.0,,green,1.06495926003,right green None None,31.0,0.0,right
left,8,right,3.0,forward,green,0.891795534635,forward green forward forward,32.0,0.0,forward
left,8,left,2.0,,green,0.855478041266,left green None left,33.0,0.0,left
left,8,right,1.0,left,green,1.0492862503,left green left None,34.0,0.0,left
left,9,,35.0,forward,green,-5.3586375686,forward green forward left,0.0,1.0,forward
left,9,forward,34.0,forward,green,2.38693923726,forward green forward left,1.0,0.0,forward
left,9,right,33.0,forward,green,0.33793042962,forward green forward None,2.0,0.0,forward
left,9,right,32.0,,green,0.639636659796,left green None None,3.0,0.0,left
left,9,right,31.0,,red,1.4477538058,left red None None,4.0,0.0,left
left,9,forward,30.0,,green,1.03980660869,right green None forward,5.0,0.0,right
left,9,forward,29.0,,green,-0.0399673552638,right green None None,6.0,0.0,right
left,9,forward,28.0,,red,-9.01302043045,right red None None,7.0,2.0,right
left,9,,27.0,,red,1.54078918981,right red None None,8.0,0.0,right
left,9,left,26.0,forward,green,0.709357266192,right green forward None,9.0,0.0,right
left,9,,25.0,,green,-4.17949111647,forward green None None,10.0,1.0,forward
left,9,forward,24.0,,green,2.20295500814,forward green None None,11.0,0.0,forward
left,9,forward,23.0,,red,-9.24873172573,forward red None forward,12.0,2.0,forward
left,9,forward,22.0,,red,-10.5650665889,forward red None forward,13.0,2.0,forward
left,9,forward,21.0,,red,-40.2052054196,forward red None forward,14.0,4.0,forward
left,9,,20.0,,red,2.34945249423,forward red None forward,15.0,0.0,forward
left,9,left,19.0,,green,-20.2004364758,forward green None forward,16.0,3.0,forward
left,9,left,18.0,,green,1.16763764869,forward green None None,17.0,0.0,forward
left,9,left,17.0,,red,-40.2962978859,right red None forward,18.0,4.0,right
left,9,forward,16.0,left,green,0.567743659617,right green left forward,19.0,0.0,right
left,9,left,15.0,,green,1.35836004875,right green None left,20.0,0.0,right
left,9,right,14.0,forward,red,-19.1415492237,left red forward None,21.0,3.0,left
left,9,forward,13.0,,red,-10.4167151737,left red None None,22.0,2.0,left
left,9,left,12.0,right,red,-9.69872736863,left red right forward,23.0,2.0,left
left,9,,11.0,forward,red,2.13863790095,left red forward forward,24.0,0.0,left
left,9,,10.0,,red,1.92645731455,left red None forward,25.0,0.0,left
left,9,forward,9.0,,green,0.624237565788,left green None forward,26.0,0.0,left
left,9,right,8.0,,green,-0.387177658082,forward green None None,27.0,0.0,forward
left,9,left,7.0,forward,green,2.2128375774,left green forward left,28.0,0.0,left
left,9,,6.0,,green,-4.43646796247,forward green None None,29.0,1.0,forward
left,9,,5.0,right,green,-4.84292010907,forward green right None,30.0,1.0,forward
left,9,forward,4.0,,green,1.22077919332,forward green None None,31.0,0.0,forward
left,9,left,3.0,left,red,-10.6485108941,forward red left left,32.0,2.0,forward
left,9,,2.0,,red,1.56693365523,forward red None left,33.0,0.0,forward
left,9,left,1.0,,red,-9.40189351742,forward red None left,34.0,2.0,forward
left,10,right,25.0,forward,green,1.57529220698,forward green forward None,0.0,0.0,forward
left,10,forward,24.0,,red,-10.2156177691,left red None None,1.0,2.0,left
left,10,,23.0,,red,1.99541449602,left red None right,2.0,0.0,left
left,10,left,22.0,,red,-40.4045149236,left red None right,3.0,4.0,left
left,10,,21.0,,green,-5.21659267696,left green None None,4.0,1.0,left
left,10,right,20.0,,green,1.73535886737,left green None None,5.0,0.0,left
left,10,forward,19.0,,red,-10.2558435929,forward red None None,6.0,2.0,forward
left,10,,18.0,right,green,-5.459366829,forward green right None,7.0,1.0,forward
left,10,,17.0,,green,-5.45887587254,forward green None None,8.0,1.0,forward
left,10,right,16.0,,red,-0.14025596282,forward red None left,9.0,0.0,forward
left,10,left,15.0,,green,1.57800568971,left green None left,10.0,0.0,left
left,10,right,14.0,,red,0.57649939259,forward red None None,11.0,0.0,forward
left,10,right,13.0,,green,1.20058642584,left green None None,12.0,0.0,left
left,10,left,12.0,,green,-19.3882817108,right green None forward,13.0,3.0,right
left,10,left,11.0,,green,0.108447586454,right green None None,14.0,0.0,right
left,10,left,10.0,,red,-10.9592527502,left red None forward,15.0,2.0,left
left,10,left,9.0,,green,-20.4799278356,left green None forward,16.0,3.0,left
left,10,right,8.0,,green,-0.143680474555,left green None None,17.0,0.0,left
left,10,left,7.0,,green,0.205634944423,forward green None None,18.0,0.0,forward
left,10,,6.0,,green,-5.37378640431,right green None None,19.0,1.0,right
left,10,,5.0,,green,-4.86953302936,right green None right,20.0,1.0,right
left,10,left,4.0,,red,-39.0094438621,right red None None,21.0,4.0,right
left,10,forward,3.0,right,red,-10.0317477033,right red right None,22.0,2.0,right
left,10,forward,2.0,,red,-9.10773602333,right red None forward,23.0,2.0,right
left,10,forward,1.0,left,red,-39.5861891842,right red left forward,24.0,4.0,right
left,11,right,30.0,,red,1.32845943439,left red None None,0.0,0.0,left
left,11,right,29.0,right,green,2.35547561128,right green right left,1.0,0.0,right
left,11,left,28.0,,red,-10.2614408267,forward red None None,2.0,2.0,forward
left,11,right,27.0,,red,0.440472710244,forward red None None,3.0,0.0,forward
left,11,,26.0,,red,2.75399899363,left red None None,4.0,0.0,left
left,11,right,25.0,,green,0.677754022463,left green None None,5.0,0.0,left
left,11,,24.0,,red,1.68906965278,left red None None,6.0,0.0,left
left,11,right,23.0,left,green,1.88746863221,left green left None,7.0,0.0,left
left,11,forward,22.0,forward,green,1.3490439768,right green forward forward,8.0,0.0,right
left,11,right,21.0,,green,2.32444187154,right green None left,9.0,0.0,right
left,11,left,20.0,,green,0.0989490138148,forward green None None,10.0,0.0,forward
left,11,forward,19.0,left,red,-10.3342825462,right red left None,11.0,2.0,right
left,11,,18.0,,red,0.228737137667,right red None right,12.0,0.0,right
left,11,forward,17.0,,red,-9.89583585415,right red None None,13.0,2.0,right
left,11,right,16.0,,red,1.24990063945,right red None None,14.0,0.0,right
left,11,,15.0,,green,-4.79588374316,left green None None,15.0,1.0,left
left,11,,14.0,,green,-4.95896095393,left green None forward,16.0,1.0,left
left,11,left,13.0,left,red,-9.89219683891,left red left None,17.0,2.0,left
left,11,left,12.0,forward,red,-40.1976780205,left red forward None,18.0,4.0,left
left,11,forward,11.0,,green,-0.0993149188202,left green None None,19.0,0.0,left
left,11,right,10.0,forward,green,0.797704016568,left green forward left,20.0,0.0,left
left,11,left,9.0,,red,-10.2574734701,right red None None,21.0,2.0,right
left,11,right,8.0,,green,1.39610566609,right green None None,22.0,0.0,right
left,11,forward,7.0,,red,-40.9202888326,right red None None,23.0,4.0,right
left,11,left,6.0,,red,-9.09460338083,right red None None,24.0,2.0,right
left,11,,5.0,,red,-0.542846133249,right red None left,25.0,0.0,right
left,11,,4.0,right,green,-5.32709237969,right green right left,26.0,1.0,right
left,11,,3.0,left,green,-4.53211417939,right green left left,27.0,1.0,right
left,11,right,2.0,left,green,1.30385231431,right green left left,28.0,0.0,right
left,11,right,1.0,,green,0.143599428211,forward green None None,29.0,0.0,forward
left,12,right,25.0,,green,2.72260236793,right green None right,0.0,0.0,right
left,12,,24.0,,red,1.72212760172,forward red None right,1.0,0.0,forward
left,12,forward,23.0,,red,-10.1106531187,forward red None right,2.0,2.0,forward
left,12,left,22.0,,green,0.124259112623,forward green None None,3.0,0.0,forward
left,12,,21.0,forward,green,-5.24758354896,right green forward None,4.0,1.0,right
left,12,forward,20.0,forward,green,0.834095602231,right green forward None,5.0,0.0,right
left,12,forward,19.0,,green,1.17399638517,right green None None,6.0,0.0,right
left,12,right,18.0,forward,green,2.62891722907,right green forward forward,7.0,0.0,right
left,12,forward,17.0,,green,1.0331415604,forward green None None,8.0,0.0,forward
left,12,right,16.0,,green,1.94300018734,right green None right,9.0,0.0,right
left,13,,25.0,left,red,2.69144125126,forward red left None,0.0,0.0,forward
left,13,right,24.0,,red,1.0909283901,forward red None None,1.0,0.0,forward
left,13,forward,23.0,,green,0.77089971238,left green None None,2.0,0.0,left
left,13,right,22.0,forward,green,0.425082612295,left green forward None,3.0,0.0,left
left,13,right,21.0,left,red,1.47834137224,left red left None,4.0,0.0,left
left,13,,20.0,,green,-4.28940681618,right green None right,5.0,1.0,right
left,13,forward,19.0,right,green,0.572972112904,right green right forward,6.0,0.0,right
left,13,forward,18.0,right,red,-39.0725890826,right red right None,7.0,4.0,right
left,13,forward,17.0,,red,-10.8945139089,right red None None,8.0,2.0,right
left,13,left,16.0,,red,-9.61251368699,right red None None,9.0,2.0,right
left,13,left,15.0,,green,0.0214838417813,right green None None,10.0,0.0,right
left,13,right,14.0,,red,2.73732064944,right red None None,11.0,0.0,right
left,13,right,13.0,forward,green,2.66435442782,right green forward None,12.0,0.0,right
left,13,right,12.0,,green,-0.143714076614,forward green None forward,13.0,0.0,forward
left,13,forward,11.0,left,red,-9.96701964575,left red left None,14.0,2.0,left
left,13,right,10.0,right,red,0.536322776261,left red right left,15.0,0.0,left
left,13,right,9.0,left,green,2.40444652594,right green left forward,16.0,0.0,right
left,13,forward,8.0,forward,green,-0.28297293769,right green forward None,17.0,0.0,right
left,13,left,7.0,left,green,0.323772457602,right green left None,18.0,0.0,right
left,13,forward,6.0,,red,-10.8244121055,forward red None forward,19.0,2.0,forward
left,13,left,5.0,,red,-9.35863980225,forward red None forward,20.0,2.0,forward
left,13,forward,4.0,,green,0.884947807092,forward green None forward,21.0,0.0,forward
left,13,right,3.0,,green,0.181019820271,forward green None left,22.0,0.0,forward
left,13,right,2.0,,red,0.186028608061,left red None left,23.0,0.0,left
left,13,left,1.0,,red,-9.7328201406,right red None left,24.0,2.0,right
left,14,forward,25.0,,green,0.351058660901,left green None forward,0.0,0.0,left
left,14,,24.0,forward,green,-4.78149173331,left green forward forward,1.0,1.0,left
left,14,,23.0,forward,green,-4.81176970863,left green forward None,2.0,1.0,left
left,14,forward,22.0,forward,green,0.674805044065,left green forward None,3.0,0.0,left
left,14,forward,21.0,,red,-39.9676952307,left red None None,4.0,4.0,left
left,14,left,20.0,,red,-10.3133791457,left red None None,5.0,2.0,left
left,14,,19.0,,red,1.85507778241,left red None left,6.0,0.0,left
left,14,,18.0,,green,-4.17938872889,left green None left,7.0,1.0,left
left,14,forward,17.0,right,green,0.279659207103,left green right right,8.0,0.0,left
left,14,left,16.0,,green,1.24543549544,left green None None,9.0,0.0,left
left,14,right,15.0,left,green,0.0142167893963,forward green left None,10.0,0.0,forward
left,14,,14.0,,green,-4.57972191454,left green None None,11.0,1.0,left
left,14,left,13.0,,green,1.27557254,left green None None,12.0,0.0,left
left,14,right,12.0,forward,red,-19.9805441439,left red forward None,13.0,3.0,left
left,14,right,11.0,right,red,0.190406883223,left red right None,14.0,0.0,left
left,14,right,10.0,,red,0.364477228248,forward red None None,15.0,0.0,forward
left,14,forward,9.0,forward,green,1.51714088371,left green forward left,16.0,0.0,left
left,14,forward,8.0,,green,0.069015289423,left green None left,17.0,0.0,left
left,14,left,7.0,,red,-10.946925201,left red None None,18.0,2.0,left
left,14,forward,6.0,,green,0.877867095501,left green None None,19.0,0.0,left
left,14,left,5.0,left,green,1.28748619119,forward green left None,20.0,0.0,forward
left,14,left,4.0,,red,-9.17320540869,right red None None,21.0,2.0,right
left,14,,3.0,,green,-5.68831608826,right green None forward,22.0,1.0,right
left,14,left,2.0,,green,0.212393132869,right green None None,23.0,0.0,right
left,14,,1.0,,red,1.38934520797,forward red None left,24.0,0.0,forward
left,15,left,40.0,forward,green,-19.614546786,left green forward forward,0.0,3.0,left
left,15,,39.0,forward,green,-4.62386374112,left green forward None,1.0,1.0,left
left,15,left,38.0,forward,green,-19.0526978647,left green forward forward,2.0,3.0,left
left,15,left,37.0,forward,green,1.13141496226,left green forward None,3.0,0.0,left
left,15,right,36.0,,red,1.1389925974,forward red None left,4.0,0.0,forward
left,15,forward,35.0,left,red,-9.80537717633,left red left None,5.0,2.0,left
left,15,left,34.0,,red,-39.590490407,left red None right,6.0,4.0,left
left,15,left,33.0,,green,-19.2685983478,left green None right,7.0,3.0,left
left,15,right,32.0,forward,green,0.670975177377,left green forward None,8.0,0.0,left
left,15,left,31.0,forward,green,2.2796188841,left green forward None,9.0,0.0,left
left,15,left,30.0,,green,2.23095930175,left green None left,10.0,0.0,left
left,15,,29.0,,green,-4.71668131269,forward green None left,11.0,1.0,forward
left,15,forward,28.0,,green,0.97434946559,forward green None left,12.0,0.0,forward
left,15,forward,27.0,left,green,1.98638968774,forward green left None,13.0,0.0,forward
left,15,forward,26.0,,red,-9.74192075121,forward red None None,14.0,2.0,forward
left,15,forward,25.0,,red,-40.8838757143,forward red None forward,15.0,4.0,forward
left,15,right,24.0,,red,1.69881671144,forward red None forward,16.0,0.0,forward
left,15,,23.0,forward,green,-5.7618055289,left green forward left,17.0,1.0,left
left,15,right,22.0,forward,green,1.52424456343,left green forward None,18.0,0.0,left
left,15,right,21.0,,red,1.72272755103,right red None forward,19.0,0.0,right
left,15,forward,20.0,,green,0.341127653451,right green None right,20.0,0.0,right
left,15,left,19.0,,green,0.376136586726,right green None left,21.0,0.0,right
left,15,left,18.0,,green,1.58362309359,left green None left,22.0,0.0,left
left,15,left,17.0,,red,-10.4654754339,left red None forward,23.0,2.0,left
left,15,left,16.0,,red,-9.39811508392,left red None forward,24.0,2.0,left
left,15,right,15.0,,red,0.0384240763378,left red None forward,25.0,0.0,left
left,15,left,14.0,forward,green,0.753274323841,right green forward None,26.0,0.0,right
left,15,right,13.0,,red,0.912860941461,left red None None,27.0,0.0,left
left,15,,12.0,left,green,-5.22632818364,forward green left None,28.0,1.0,forward
left,15,right,11.0,right,red,1.05942926678,forward red right left,29.0,0.0,forward
left,15,right,10.0,,green,0.977224533464,left green None None,30.0,0.0,left
left,15,forward,9.0,left,green,0.830563101336,forward green left forward,31.0,0.0,forward
left,15,,8.0,,green,-5.51818581601,forward green None left,32.0,1.0,forward
left,15,forward,7.0,forward,green,1.22388498085,forward green forward None,33.0,0.0,forward
left,15,right,6.0,forward,green,0.224975288276,forward green forward None,34.0,0.0,forward
left,15,,5.0,forward,green,-4.31212059843,left green forward forward,35.0,1.0,left
left,15,,4.0,forward,green,-4.92471495649,left green forward None,36.0,1.0,left
left,15,right,3.0,forward,red,-20.2819081763,left red forward None,37.0,3.0,left
left,15,,2.0,,red,1.59307027649,left red None left,38.0,0.0,left
left,15,right,1.0,forward,red,-20.6428275864,left red forward left,39.0,3.0,left
left,16,left,30.0,,green,1.09223426641,left green None left,0.0,0.0,left
left,16,left,29.0,left,green,1.7935025789,forward green left None,1.0,0.0,forward
left,16,left,28.0,left,green,1.03944321762,right green left None,2.0,0.0,right
left,16,,27.0,,red,0.0513154188048,right red None left,3.0,0.0,right
left,16,forward,26.0,,red,-9.77681870645,right red None left,4.0,2.0,right
left,16,forward,25.0,left,green,0.412416055029,right green left left,5.0,0.0,right
left,16,left,24.0,forward,red,-39.6144193633,forward red forward left,6.0,4.0,forward
left,16,right,23.0,,green,1.14027903394,forward green None left,7.0,0.0,forward
left,16,right,22.0,,green,1.17640840489,left green None left,8.0,0.0,left
left,16,left,21.0,,red,-10.3571957783,forward red None left,9.0,2.0,forward
left,16,left,20.0,left,red,-10.3176027461,forward red left left,10.0,2.0,forward
left,16,right,19.0,right,green,1.7145141303,forward green right left,11.0,0.0,forward
left,16,forward,18.0,forward,green,0.312044984436,left green forward None,12.0,0.0,left
left,16,forward,17.0,,green,1.30421440427,left green None forward,13.0,0.0,left
left,16,forward,16.0,,green,-0.164036122621,left green None None,14.0,0.0,left
left,16,left,15.0,right,green,-20.4057968576,left green right forward,15.0,3.0,left
left,16,right,14.0,left,red,-0.116510402103,left red left right,16.0,0.0,left
left,16,forward,13.0,,red,-9.58473029884,forward red None None,17.0,2.0,forward
left,16,left,12.0,,red,-10.3189897621,forward red None None,18.0,2.0,forward
left,16,forward,11.0,,red,-10.0085826572,forward red None right,19.0,2.0,forward
left,16,left,10.0,right,red,-9.45122643286,forward red right None,20.0,2.0,forward
left,16,left,9.0,,green,1.39889983489,forward green None None,21.0,0.0,forward
left,16,left,8.0,left,green,1.15889605005,right green left left,22.0,0.0,right
left,16,,7.0,left,red,1.78219773767,forward red left None,23.0,0.0,forward
left,16,,6.0,,red,0.763353554987,forward red None None,24.0,0.0,forward
left,16,forward,5.0,,green,0.583069287725,forward green None None,25.0,0.0,forward
left,16,forward,4.0,,red,-39.1421847263,forward red None None,26.0,4.0,forward
left,16,right,3.0,,red,-0.535036762796,forward red None None,27.0,0.0,forward
left,16,left,2.0,,red,-39.6703746924,left red None right,28.0,4.0,left
left,16,forward,1.0,forward,red,-40.3622557193,left red forward right,29.0,4.0,left
left,17,left,20.0,,red,-10.0460931026,right red None forward,0.0,2.0,right
left,17,,19.0,,red,1.35117263646,right red None forward,1.0,0.0,right
left,17,left,18.0,,red,-10.5302286251,right red None forward,2.0,2.0,right
left,17,right,17.0,,red,2.3217520946,right red None forward,3.0,0.0,right
left,17,right,16.0,,red,1.06721395811,forward red None None,4.0,0.0,forward
left,17,forward,15.0,,red,-10.5174110991,left red None None,5.0,2.0,left
left,17,left,14.0,,red,-9.15371310779,left red None forward,6.0,2.0,left
left,17,left,13.0,,green,-20.9681236643,left green None forward,7.0,3.0,left
left,17,,12.0,right,green,-5.25134263849,left green right None,8.0,1.0,left
left,17,left,11.0,forward,green,0.967152847969,left green forward None,9.0,0.0,left
left,17,,10.0,,green,-5.40828995942,left green None right,10.0,1.0,left
left,17,right,9.0,,green,-0.136065350985,left green None None,11.0,0.0,left
left,17,left,8.0,,green,-20.3160990593,forward green None right,12.0,3.0,forward
left,17,right,7.0,,red,-0.343374729899,forward red None right,13.0,0.0,forward
left,17,,6.0,,green,-4.40771914941,left green None None,14.0,1.0,left
left,17,forward,5.0,,green,0.726521933138,left green None None,15.0,0.0,left
left,17,right,4.0,,red,0.116625616792,left red None None,16.0,0.0,left
left,17,forward,3.0,,red,-10.5711789254,right red None None,17.0,2.0,right
left,17,left,2.0,,red,-10.1546403713,right red None None,18.0,2.0,right
left,17,right,1.0,,green,1.17267372443,right green None None,19.0,0.0,right
left,18,right,25.0,forward,green,1.9062050792,left green forward None,0.0,0.0,left
left,18,left,24.0,right,green,1.59173196194,left green right None,1.0,0.0,left
left,18,right,23.0,,green,1.71303376173,left green None None,2.0,0.0,left
left,18,,22.0,left,green,-5.50388671619,left green left None,3.0,1.0,left
left,18,,21.0,left,red,1.33332636197,left red left left,4.0,0.0,left
left,18,left,20.0,right,red,-10.1748541814,left red right left,5.0,2.0,left
left,18,,19.0,,red,2.33668511726,left red None left,6.0,0.0,left
left,18,left,18.0,left,green,1.30916797299,left green left left,7.0,0.0,left
left,18,,17.0,,green,-4.16726178091,left green None None,8.0,1.0,left
left,18,,16.0,,green,-5.87898924574,left green None None,9.0,1.0,left
left,18,,15.0,,red,2.72152995188,left red None None,10.0,0.0,left
left,18,forward,14.0,,red,-39.9091267804,left red None None,11.0,4.0,left
left,18,right,13.0,left,red,0.530738424119,left red left None,12.0,0.0,left
left,18,,12.0,,red,2.11785551147,forward red None None,13.0,0.0,forward
left,18,left,11.0,,red,-9.70264553752,forward red None None,14.0,2.0,forward
left,18,left,10.0,,red,-40.0278723597,forward red None right,15.0,4.0,forward
left,18,,9.0,,green,-5.74312350822,forward green None None,16.0,1.0,forward
left,18,left,8.0,,green,1.52060630087,forward green None None,17.0,0.0,forward
left,18,left,7.0,right,green,-19.3093697017,right green right forward,18.0,3.0,right
left,18,left,6.0,left,green,0.708464528297,right green left None,19.0,0.0,right
left,18,left,5.0,,green,1.1335131099,forward green None None,20.0,0.0,forward
left,18,right,4.0,,green,2.00301199287,right green None None,21.0,0.0,right
left,18,left,3.0,,red,-10.9942965959,forward red None None,22.0,2.0,forward
left,18,forward,2.0,,red,-9.70867971806,forward red None None,23.0,2.0,forward
left,18,right,1.0,,red,0.884392216122,forward red None None,24.0,0.0,forward
left,19,right,25.0,right,red,1.50997792608,left red right right,0.0,0.0,left
left,19,,24.0,forward,green,-4.2802144467,forward green forward forward,1.0,1.0,forward
left,19,left,23.0,forward,green,1.66147720369,forward green forward None,2.0,0.0,forward
left,19,forward,22.0,right,red,-10.7221898204,right red right None,3.0,2.0,right
left,19,forward,21.0,,green,1.8693617332,right green None forward,4.0,0.0,right
left,19,forward,20.0,,green,0.136081254973,right green None forward,5.0,0.0,right
left,19,right,19.0,,green,1.43657432801,right green None None,6.0,0.0,right
left,19,,18.0,forward,green,-4.78406721707,forward green forward right,7.0,1.0,forward
left,19,forward,17.0,forward,green,1.13049972248,forward green forward None,8.0,0.0,forward
left,19,right,16.0,right,green,1.74773820613,forward green right None,9.0,0.0,forward
left,19,right,15.0,,green,0.319123434519,left green None None,10.0,0.0,left
left,19,left,14.0,forward,green,-20.9834228059,right green forward forward,11.0,3.0,right
left,19,forward,13.0,forward,green,1.77073844659,right green forward None,12.0,0.0,right
left,19,,12.0,,green,-4.43170004003,right green None None,13.0,1.0,right
left,19,right,11.0,,green,1.4603583448,right green None right,14.0,0.0,right
left,19,right,10.0,left,red,0.867767992421,right red left None,15.0,0.0,right
left,19,,9.0,,green,-5.65677843874,forward green None forward,16.0,1.0,forward
left,19,,8.0,,green,-4.15236212909,forward green None None,17.0,1.0,forward
left,19,left,7.0,,green,1.24234100402,forward green None None,18.0,0.0,forward
left,19,forward,6.0,,green,0.994708385787,right green None None,19.0,0.0,right
left,19,right,5.0,forward,green,2.31461759156,right green forward None,20.0,0.0,right
left,19,,4.0,,green,-5.04814375612,forward green None None,21.0,1.0,forward
left,19,,3.0,,red,1.58341861052,forward red None None,22.0,0.0,forward
left,19,,2.0,,red,1.83992561103,forward red None right,23.0,0.0,forward
left,19,forward,1.0,right,red,-9.26521726829,forward red right right,24.0,2.0,forward
left,20,forward,20.0,right,red,-10.7821721539,left red right forward,0.0,2.0,left
left,20,right,19.0,forward,red,-19.9699647055,left red forward left,1.0,3.0,left
left,20,forward,18.0,,red,-10.3292778109,left red None left,2.0,2.0,left
left,20,left,17.0,,red,-9.44510619322,left red None left,3.0,2.0,left
left,20,forward,16.0,forward,green,1.34927926207,left green forward left,4.0,0.0,left
left,20,,15.0,,red,2.70534103955,left red None None,5.0,0.0,left
left,20,,14.0,,red,0.930943787504,left red None None,6.0,0.0,left
left,20,left,13.0,forward,green,1.54250797182,left green forward None,7.0,0.0,left
left,20,left,12.0,forward,green,-0.133228572443,forward green forward None,8.0,0.0,forward
left,20,left,11.0,right,green,0.394177100985,right green right None,9.0,0.0,right
left,20,right,10.0,,red,1.64160065872,right red None None,10.0,0.0,right
left,20,forward,9.0,,green,1.1784419726,right green None None,11.0,0.0,right
left,20,,8.0,left,green,-4.70260769664,right green left None,12.0,1.0,right
left,20,right,7.0,left,green,2.07165753643,right green left forward,13.0,0.0,right
left,20,forward,6.0,,red,-9.16059455924,forward red None left,14.0,2.0,forward
left,20,,5.0,,red,1.38458344188,forward red None left,15.0,0.0,forward
left,20,right,4.0,right,red,0.133934305383,forward red right left,16.0,0.0,forward
left,20,forward,3.0,forward,green,-0.489681426496,left green forward None,17.0,0.0,left
left,20,left,2.0,forward,green,1.72222395938,left green forward None,18.0,0.0,left
left,20,,1.0,,red,1.96819555947,forward red None forward,19.0,0.0,forward
